tempo_hh:mm:ss,velocidade_kmh,distancia_km
12:00:00,0.0,0.0
12:00:01,0.0,0.0
12:00:02,0.0,0.0
12:00:03,0.0,0.0
12:00:04,0.0,0.0
12:00:05,0.0,0.0
12:00:06,0.0,0.0
12:00:07,0.0,0.0
12:00:08,0.0,0.0
12:00:09,0.0,0.0
12:00:10,0.0,0.0
12:00:11,0.0,0.0
12:00:12,0.0,0.0
12:00:13,0.0,0.0
12:00:14,0.0,0.0
12:00:15,0.0,0.0
12:00:16,0.0,0.0
12:00:17,0.0,0.0
12:00:18,0.0,0.0
12:00:19,0.0,0.0
12:00:20,0.0,0.0
12:00:21,0.0,0.0
12:00:22,0.0,0.0
12:00:23,0.0,0.0
12:00:24,0.0,0.0
12:00:25,0.0,0.0
12:00:26,0.0,0.0
12:00:27,0.0,0.0
12:00:28,0.0,0.0
12:00:29,0.0,0.0
12:00:30,0.0,0.0
12:00:31,0.0,0.0
12:00:32,0.0,0.0
12:00:33,0.0,0.0
12:00:34,0.0,0.0
12:00:35,0.0,0.0
12:00:36,0.0,0.0
12:00:37,0.0,0.0
12:00:38,0.0,0.0
12:00:39,0.0,0.0
12:00:40,0.0,0.0
12:00:41,0.0,0.0
12:00:42,0.0,0.0
12:00:43,0.0,0.0
12:00:44,0.0,0.0
12:00:45,0.0,0.0
12:00:46,0.0,0.0
12:00:47,0.0,0.0
12:00:48,0.0,0.0
12:00:49,0.0,0.0
12:00:50,0.0,0.0
12:00:51,0.0,0.0
12:00:52,0.0,0.0
12:00:53,0.0,0.0
12:00:54,0.0,0.0
12:00:55,0.0,0.0
12:00:56,0.0,0.0
12:00:57,0.0,0.0
12:00:58,0.0,0.0
12:00:59,0.0,0.0
12:01:00,0.0,0.0
12:01:01,0.0,0.0
12:01:02,0.0,0.0
12:01:03,0.0,0.0
12:01:04,0.0,0.0
12:01:05,0.0,0.0
12:01:06,0.0,0.0
12:01:07,0.0,0.0
12:01:08,0.0,0.0
12:01:09,0.0,0.0
12:01:10,0.0,0.0
12:01:11,0.0,0.0
12:01:12,0.0,0.0
12:01:13,0.0,0.0
12:01:14,0.0,0.0
12:01:15,0.0,0.0
12:01:16,0.0,0.0
12:01:17,0.0,0.0
12:01:18,0.0,0.0
12:01:19,0.0,0.0
12:01:20,0.0,0.0
12:01:21,0.0,0.0
12:01:22,0.0,0.0
12:01:23,0.0,0.0
12:01:24,0.0,0.0
12:01:25,0.0,0.0
12:01:26,0.0,0.0
12:01:27,0.0,0.0
12:01:28,0.0,0.0
12:01:29,0.0,0.0
12:01:30,0.0,0.0
12:01:31,0.0,0.0
12:01:32,0.0,0.0
12:01:33,0.0,0.0
12:01:34,0.0,0.0
12:01:35,0.0,0.0
12:01:36,0.0,0.0
12:01:37,0.0,0.0
12:01:38,0.0,0.0
12:01:39,0.0,0.0
12:01:40,0.0,0.0
12:01:41,0.0,0.0
12:01:42,0.0,0.0
12:01:43,0.0,0.0
12:01:44,0.0,0.0
12:01:45,0.0,0.0
12:01:46,0.0,0.0
12:01:47,0.0,0.0
12:01:48,0.0,0.0
12:01:49,0.0,0.0
12:01:50,0.0,0.0
12:01:51,0.0,0.0
12:01:52,0.0,0.0
12:01:53,0.0,0.0
12:01:54,0.0,0.0
12:01:55,0.0,0.0
12:01:56,0.0,0.0
12:01:57,0.0,0.0
12:01:58,0.0,0.0
12:01:59,0.0,0.0
12:02:00,0.0,0.0
12:02:01,0.0,0.0
12:02:02,0.0,0.0
12:02:03,0.0,0.0
12:02:04,0.0,0.0
12:02:05,0.0,0.0
12:02:06,0.0,0.0
12:02:07,0.0,0.0
12:02:08,0.0,0.0
12:02:09,0.0,0.0
12:02:10,0.0,0.0
12:02:11,0.0,0.0
12:02:12,0.0,0.0
12:02:13,0.0,0.0
12:02:14,0.0,0.0
12:02:15,0.0,0.0
12:02:16,0.0,0.0
12:02:17,0.0,0.0
12:02:18,0.0,0.0
12:02:19,0.0,0.0
12:02:20,0.0,0.0
12:02:21,0.0,0.0
12:02:22,0.0,0.0
12:02:23,0.0,0.0
12:02:24,0.0,0.0
12:02:25,0.0,0.0
12:02:26,0.0,0.0
12:02:27,0.0,0.0
12:02:28,0.0,0.0
12:02:29,0.0,0.0
12:02:30,0.0,0.0
12:02:31,0.0,0.0
12:02:32,0.0,0.0
12:02:33,0.0,0.0
12:02:34,0.0,0.0
12:02:35,0.0,0.0
12:02:36,0.0,0.0
12:02:37,0.0,0.0
12:02:38,0.0,0.0
12:02:39,0.0,0.0
12:02:40,0.0,0.0
12:02:41,0.0,0.0
12:02:42,0.0,0.0
12:02:43,0.0,0.0
12:02:44,0.0,0.0
12:02:45,0.0,0.0
12:02:46,0.0,0.0
12:02:47,0.0,0.0
12:02:48,0.0,0.0
12:02:49,0.0,0.0
12:02:50,0.0,0.0
12:02:51,0.0,0.0
12:02:52,0.0,0.0
12:02:53,0.0,0.0
12:02:54,0.0,0.0
12:02:55,0.0,0.0
12:02:56,0.0,0.0
12:02:57,0.0,0.0
12:02:58,0.0,0.0
12:02:59,0.0,0.0
12:03:00,0.0,0.0
12:03:01,0.0,0.0
12:03:02,0.0,0.0
12:03:03,0.0,0.0
12:03:04,0.0,0.0
12:03:05,0.0,0.0
12:03:06,0.0,0.0
12:03:07,0.0,0.0
12:03:08,0.0,0.0
12:03:09,0.0,0.0
12:03:10,0.0,0.0
12:03:11,0.0,0.0
12:03:12,0.0,0.0
12:03:13,0.0,0.0
12:03:14,0.0,0.0
12:03:15,0.0,0.0
12:03:16,0.0,0.0
12:03:17,0.0,0.0
12:03:18,0.0,0.0
12:03:19,0.0,0.0
12:03:20,0.0,0.0
12:03:21,0.06012024048096192,8.350033400133599e-06
12:03:22,0.12024048096192384,3.3400133600534395e-05
12:03:23,0.18036072144288576,7.51503006012024e-05
12:03:24,0.24048096192384769,0.00013360053440213758
12:03:25,0.3006012024048096,0.00020875083500334
12:03:26,0.3607214428857715,0.0003006012024048096
12:03:27,0.42084168336673344,0.0004091516366065464
12:03:28,0.48096192384769537,0.0005344021376085503
12:03:29,0.5410821643286573,0.0006763527054108216
12:03:30,0.6012024048096192,0.00083500334001336
12:03:31,0.6613226452905812,0.0010103540414161656
12:03:32,0.721442885771543,0.0012024048096192384
12:03:33,0.781563126252505,0.0014111556446225783
12:03:34,0.8416833667334669,0.0016366065464261856
12:03:35,0.9018036072144289,0.00187875751503006
12:03:36,0.9619238476953907,0.0021376085504342013
12:03:37,1.0220440881763526,0.00241315965263861
12:03:38,1.0821643286573146,0.002705410821643286
12:03:39,1.1422845691382766,0.003014362057448229
12:03:40,1.2024048096192383,0.0033400133600534395
12:03:41,1.2625250501002003,0.003682364729458917
12:03:42,1.3226452905811623,0.004041416165664662
12:03:43,1.3827655310621243,0.004417167668670673
12:03:44,1.442885771543086,0.004809619238476953
12:03:45,1.503006012024048,0.005218770875083499
12:03:46,1.56312625250501,0.005644622578490312
12:03:47,1.6232464929859718,0.006087174348697394
12:03:48,1.6833667334669338,0.006546426185704742
12:03:49,1.7434869739478958,0.007022378089512357
12:03:50,1.8036072144288577,0.007515030060120239
12:03:51,1.8637274549098195,0.008024382097528388
12:03:52,1.9238476953907815,0.008550434201736803
12:03:53,1.9839679358717435,0.009093186372745489
12:03:54,2.0440881763527052,0.00965263861055444
12:03:55,2.1042084168336674,0.010228790915163658
12:03:56,2.164328657314629,0.010821643286573144
12:03:57,2.224448897795591,0.011431195724782895
12:03:58,2.284569138276553,0.012057448229792916
12:03:59,2.344689378757515,0.012700400801603203
12:04:00,2.4048096192384767,0.013360053440213758
12:04:01,2.464929859719439,0.014036406145624578
12:04:02,2.5250501002004007,0.014729458917835668
12:04:03,2.5851703406813624,0.015439211756847024
12:04:04,2.6452905811623246,0.01616566466265865
12:04:05,2.7054108216432864,0.01690881763527054
12:04:06,2.7655310621242486,0.0176686706746827
12:04:07,2.8256513026052104,0.018445223780895123
12:04:08,2.885771543086172,0.019238476953907815
12:04:09,2.9458917835671343,0.02004843019372077
12:04:10,3.006012024048096,0.020875083500334
12:04:11,3.066132264529058,0.02171843687374749
12:04:12,3.12625250501002,0.022578490313961253
12:04:13,3.186372745490982,0.023455243820975285
12:04:14,3.2464929859719436,0.02434869739478958
12:04:15,3.306613226452906,0.02525885103540414
12:04:16,3.3667334669338675,0.02618570474281897
12:04:17,3.4268537074148293,0.027129258517034068
12:04:18,3.4869739478957915,0.028089512358049434
12:04:19,3.5470941883767533,0.029066466265865062
12:04:20,3.6072144288577155,0.030060120240480964
12:04:21,3.6673346693386772,0.031070474281897128
12:04:22,3.727454909819639,0.03209752839011356
12:04:23,3.787575150300601,0.03314128256513026
12:04:24,3.847695390781563,0.03420173680694723
12:04:25,3.9078156312625247,0.03527889111556446
12:04:26,3.967935871743487,0.03637274549098196
12:04:27,4.028056112224449,0.03748329993319973
12:04:28,4.0881763527054105,0.03861055444221777
12:04:29,4.148296593186372,0.03975450901803607
12:04:30,4.208416833667335,0.04091516366065464
12:04:31,4.268537074148297,0.04209251837007348
12:04:32,4.328657314629258,0.043286573146292584
12:04:33,4.38877755511022,0.044497327989311955
12:04:34,4.448897795591182,0.045724782899131594
12:04:35,4.509018036072144,0.0469689378757515
12:04:36,4.569138276553106,0.04822979291917167
12:04:37,4.629258517034068,0.04950734802939211
12:04:38,4.68937875751503,0.05080160320641282
12:04:39,4.749498997995992,0.0521125584502338
12:04:40,4.809619238476953,0.05344021376085504
12:04:41,4.869739478957916,0.05478456913827655
12:04:42,4.929859719438878,0.05614562458249832
12:04:43,4.98997995991984,0.057523380093520364
12:04:44,5.050100200400801,0.05891783567134268
12:04:45,5.110220440881763,0.06032899131596525
12:04:46,5.170340681362725,0.061756847027388095
12:04:47,5.2304609218436875,0.0632014028056112
12:04:48,5.290581162324649,0.06466265865063459
12:04:49,5.350701402805611,0.06614061456245822
12:04:50,5.410821643286573,0.06763527054108213
12:04:51,5.4709418837675345,0.06914662658650632
12:04:52,5.531062124248497,0.07067468269873076
12:04:53,5.591182364729459,0.07221943887775548
12:04:54,5.651302605210421,0.07378089512358046
12:04:55,5.7114228456913825,0.07535905143620572
12:04:56,5.771543086172344,0.07695390781563125
12:04:57,5.831663326653306,0.07856546426185704
12:04:58,5.891783567134269,0.08019372077488307
12:04:59,5.95190380761523,0.08183867735470939
12:05:00,6.012024048096192,0.08350033400133597
12:05:01,6.072144288577154,0.08517869071476282
12:05:02,6.132264529058116,0.08687374749498994
12:05:03,6.192384769539078,0.08858550434201733
12:05:04,6.25250501002004,0.09031396125584498
12:05:05,6.312625250501002,0.0920591182364729
12:05:06,6.372745490981964,0.09382097528390111
12:05:07,6.432865731462925,0.09559953239812957
12:05:08,6.492985971943887,0.0973947895791583
12:05:09,6.55310621242485,0.09920674682698728
12:05:10,6.613226452905812,0.10103540414161653
12:05:11,6.673346693386773,0.10288076152304607
12:05:12,6.733466933867735,0.10474281897127585
12:05:13,6.793587174348697,0.10662157648630591
12:05:14,6.853707414829659,0.10851703406813624
12:05:15,6.913827655310621,0.11042919171676684
12:05:16,6.973947895791583,0.11235804943219771
12:05:17,7.034068136272545,0.11430360721442884
12:05:18,7.0941883767535066,0.11626586506346023
12:05:19,7.154308617234468,0.1182448229792919
12:05:20,7.214428857715431,0.12024048096192383
12:05:21,7.274549098196393,0.12225283901135602
12:05:22,7.3346693386773545,0.12428189712758848
12:05:23,7.394789579158316,0.1263276553106212
12:05:24,7.454909819639278,0.1283901135604542
12:05:25,7.51503006012024,0.13046927187708746
12:05:26,7.575150300601202,0.132565130260521
12:05:27,7.635270541082164,0.13467768871075478
12:05:28,7.695390781563126,0.13680694722778883
12:05:29,7.755511022044088,0.13895290581162317
12:05:30,7.8156312625250495,0.14111556446225776
12:05:31,7.875751503006012,0.14329492317969264
12:05:32,7.935871743486974,0.14549098196392776
12:05:33,7.995991983967936,0.14770374081496318
12:05:34,8.056112224448897,0.14993319973279884
12:05:35,8.11623246492986,0.1521793587174348
12:05:36,8.176352705410821,0.154442217768871
12:05:37,8.236472945891784,0.15672177688710748
12:05:38,8.296593186372744,0.1590180360721442
12:05:39,8.356713426853707,0.16133099532398124
12:05:40,8.41683366733467,0.1636606546426185
12:05:41,8.47695390781563,0.16600701402805607
12:05:42,8.537074148296593,0.16837007348029387
12:05:43,8.597194388777554,0.17074983299933197
12:05:44,8.657314629258517,0.17314629258517034
12:05:45,8.71743486973948,0.17555945223780892
12:05:46,8.77755511022044,0.1779893119572478
12:05:47,8.837675350701403,0.18043587174348694
12:05:48,8.897795591182364,0.18289913159652632
12:05:49,8.957915831663327,0.185379091516366
12:05:50,9.018036072144287,0.18787575150300595
12:05:51,9.07815631262525,0.19038911155644617
12:05:52,9.138276553106213,0.19291917167668662
12:05:53,9.198396793587174,0.19546593186372738
12:05:54,9.258517034068136,0.1980293921175684
12:05:55,9.318637274549097,0.2006095524382097
12:05:56,9.37875751503006,0.20320641282565122
12:05:57,9.438877755511022,0.20581997327989304
12:05:58,9.498997995991983,0.20845023380093514
12:05:59,9.559118236472946,0.2110971943887775
12:06:00,9.619238476953907,0.21376085504342013
12:06:01,9.67935871743487,0.21644121576486303
12:06:02,9.739478957915832,0.2191382765531062
12:06:03,9.799599198396793,0.2218520374081496
12:06:04,9.859719438877756,0.2245824983299933
12:06:05,9.919839679358716,0.22732965931863724
12:06:06,9.97995991983968,0.23009352037408146
12:06:07,10.040080160320642,0.23287408149632594
12:06:08,10.100200400801603,0.23567134268537068
12:06:09,10.160320641282565,0.2384853039412157
12:06:10,10.220440881763526,0.24131596526386098
12:06:11,10.280561122244489,0.24416332665330653
12:06:12,10.34068136272545,0.24702738810955235
12:06:13,10.400801603206412,0.24990814963259844
12:06:14,10.460921843687375,0.2528056112224448
12:06:15,10.521042084168336,0.2557197728790914
12:06:16,10.581162324649299,0.25865063460253834
12:06:17,10.64128256513026,0.2615981963927855
12:06:18,10.701402805611222,0.2645624582498329
12:06:19,10.761523046092185,0.2675434201736806
12:06:20,10.821643286573146,0.27054108216432854
12:06:21,10.881763527054108,0.2735554442217768
12:06:22,10.941883767535069,0.2765865063460253
12:06:23,11.002004008016032,0.279634268537074
12:06:24,11.062124248496994,0.282698730794923
12:06:25,11.122244488977955,0.28577989311957236
12:06:26,11.182364729458918,0.2888777555110219
12:06:27,11.242484969939879,0.2919923179692718
12:06:28,11.302605210420841,0.29512358049432186
12:06:29,11.362725450901802,0.29827154308617226
12:06:30,11.422845691382765,0.3014362057448229
12:06:31,11.482965931863728,0.30461756847027377
12:06:32,11.543086172344688,0.307815631262525
12:06:33,11.603206412825651,0.3110303941215764
12:06:34,11.663326653306612,0.31426185704742815
12:06:35,11.723446893787575,0.3175100200400801
12:06:36,11.783567134268537,0.32077488309953234
12:06:37,11.843687374749498,0.32405644622578483
12:06:38,11.90380761523046,0.3273547094188376
12:06:39,11.963927855711422,0.33066967267869063
12:06:40,12.024048096192384,0.33400133600534393
12:06:41,12.084168336673347,0.3373496993987975
12:06:42,12.144288577154308,0.34071476285905133
12:06:43,12.20440881763527,0.34409652638610544
12:06:44,12.264529058116231,0.3474949899799598
12:06:45,12.324649298597194,0.35091015364061445
12:06:46,12.384769539078157,0.35434201736806936
12:06:47,12.444889779559118,0.35779058116232454
12:06:48,12.50501002004008,0.36125584502338
12:06:49,12.565130260521041,0.3647378089512357
12:06:50,12.625250501002004,0.3682364729458917
12:06:51,12.685370741482965,0.37175183700734793
12:06:52,12.745490981963927,0.3752839011356045
12:06:53,12.80561122244489,0.37883266533066123
12:06:54,12.86573146292585,0.38239812959251834
12:06:55,12.925851703406813,0.38598029392117567
12:06:56,12.985971943887774,0.3895791583166332
12:06:57,13.046092184368737,0.39319472277889106
12:06:58,13.1062124248497,0.39682698730794913
12:06:59,13.16633266533066,0.4004759519038075
12:07:00,13.226452905811623,0.40414161656646613
12:07:01,13.286573146292584,0.40782398129592506
12:07:02,13.346693386773547,0.41152304609218426
12:07:03,13.40681362725451,0.41523881095524373
12:07:04,13.46693386773547,0.4189712758851034
12:07:05,13.527054108216433,0.4227204408817634
12:07:06,13.587174348697394,0.42648630594522363
12:07:07,13.647294589178356,0.43026887107548417
12:07:08,13.707414829659317,0.434068136272545
12:07:09,13.76753507014028,0.43788410153640606
12:07:10,13.827655310621243,0.44171676686706735
12:07:11,13.887775551102203,0.44556613226452896
12:07:12,13.947895791583166,0.44943219772879084
12:07:13,14.008016032064127,0.45331496325985293
12:07:14,14.06813627254509,0.45721442885771535
12:07:15,14.128256513026052,0.46113059452237803
12:07:16,14.188376753507013,0.46506346025384093
12:07:17,14.248496993987976,0.4690130260521041
12:07:18,14.308617234468937,0.4729792919171676
12:07:19,14.3687374749499,0.4769622578490313
12:07:20,14.428857715430862,0.4809619238476953
12:07:21,14.488977955911823,0.48497828991315955
12:07:22,14.549098196392785,0.48901135604542406
12:07:23,14.609218436873746,0.49306112224448884
12:07:24,14.669338677354709,0.49712758851035393
12:07:25,14.729458917835672,0.5012107548430192
12:07:26,14.789579158316633,0.5053106212424848
12:07:27,14.849699398797595,0.5094271877087507
12:07:28,14.909819639278556,0.5135604542418168
12:07:29,14.969939879759519,0.5177104208416833
12:07:30,15.03006012024048,0.5218770875083498
12:07:31,15.090180360721442,0.5260604542418168
12:07:32,15.150300601202405,0.5302605210420841
12:07:33,15.210420841683366,0.5344772879091515
12:07:34,15.270541082164328,0.5387107548430192
12:07:35,15.33066132264529,0.5429609218436873
12:07:36,15.390781563126252,0.5472277889111555
12:07:37,15.450901803607215,0.5515113560454241
12:07:38,15.511022044088175,0.5558116232464929
12:07:39,15.571142284569138,0.5601285905143619
12:07:40,15.631262525050099,0.5644622578490313
12:07:41,15.691382765531062,0.5688126252505009
12:07:42,15.751503006012024,0.5731796927187708
12:07:43,15.811623246492985,0.5775634602538409
12:07:44,15.871743486973948,0.5819639278557113
12:07:45,15.931863727454909,0.586381095524382
12:07:46,15.991983967935871,0.5908149632598529
12:07:47,16.052104208416832,0.5952655310621241
12:07:48,16.112224448897795,0.5997327989311956
12:07:49,16.172344689378757,0.6042167668670674
12:07:50,16.23246492985972,0.6087174348697394
12:07:51,16.29258517034068,0.6132348029392116
12:07:52,16.352705410821642,0.6177688710754842
12:07:53,16.412825651302605,0.622319639278557
12:07:54,16.472945891783567,0.6268871075484301
12:07:55,16.53306613226453,0.6314712758851034
12:07:56,16.59318637274549,0.6360721442885771
12:07:57,16.65330661322645,0.640689712758851
12:07:58,16.713426853707414,0.6453239812959252
12:07:59,16.773547094188377,0.6499749498997995
12:08:00,16.83366733466934,0.6546426185704741
12:08:01,16.8937875751503,0.6593269873079491
12:08:02,16.95390781563126,0.6640280561122244
12:08:03,17.014028056112224,0.6687458249832998
12:08:04,17.074148296593187,0.6734802939211755
12:08:05,17.13426853707415,0.6782314629258516
12:08:06,17.19438877755511,0.6829993319973279
12:08:07,17.25450901803607,0.6877839011356044
12:08:08,17.314629258517034,0.6925851703406812
12:08:09,17.374749498997996,0.6974031396125583
12:08:10,17.43486973947896,0.7022378089512357
12:08:11,17.494989979959918,0.7070891783567134
12:08:12,17.55511022044088,0.7119572478289912
12:08:13,17.615230460921843,0.7168420173680694
12:08:14,17.675350701402806,0.7217434869739479
12:08:15,17.73547094188377,0.7266616566466265
12:08:16,17.795591182364728,0.7315965263861054
12:08:17,17.85571142284569,0.7365480961923847
12:08:18,17.915831663326653,0.7415163660654642
12:08:19,17.975951903807616,0.746501336005344
12:08:20,18.036072144288575,0.751503006012024
12:08:21,18.096192384769537,0.7565213760855043
12:08:22,18.1563126252505,0.7615564462257849
12:08:23,18.216432865731463,0.7666082164328657
12:08:24,18.276553106212425,0.7716766867067467
12:08:25,18.336673346693384,0.7767618570474281
12:08:26,18.396793587174347,0.7818637274549097
12:08:27,18.45691382765531,0.7869822979291916
12:08:28,18.517034068136272,0.7921175684702738
12:08:29,18.577154308617235,0.7972695390781562
12:08:30,18.637274549098194,0.802438209752839
12:08:31,18.697394789579157,0.8076235804943219
12:08:32,18.75751503006012,0.8128256513026051
12:08:33,18.817635270541082,0.8180444221776886
12:08:34,18.877755511022045,0.8232798931195724
12:08:35,18.937875751503004,0.8285320641282565
12:08:36,18.997995991983966,0.8338009352037408
12:08:37,19.05811623246493,0.8390865063460253
12:08:38,19.118236472945892,0.8443887775551102
12:08:39,19.178356713426854,0.8497077488309953
12:08:40,19.238476953907814,0.8550434201736807
12:08:41,19.298597194388776,0.8603957915831664
12:08:42,19.35871743486974,0.8657648630594522
12:08:43,19.4188376753507,0.8711506346025384
12:08:44,19.478957915831664,0.8765531062124249
12:08:45,19.539078156312623,0.8819722778891115
12:08:46,19.599198396793586,0.8874081496325984
12:08:47,19.65931863727455,0.8928607214428858
12:08:48,19.71943887775551,0.8983299933199732
12:08:49,19.779559118236474,0.903815965263861
12:08:50,19.839679358717433,0.909318637274549
12:08:51,19.899799599198396,0.9148380093520374
12:08:52,19.95991983967936,0.9203740814963259
12:08:53,20.02004008016032,0.9259268537074148
12:08:54,20.080160320641284,0.9314963259853039
12:08:55,20.140280561122243,0.9370824983299934
12:08:56,20.200400801603205,0.942685370741483
12:08:57,20.260521042084168,0.9483049432197729
12:08:58,20.32064128256513,0.953941215764863
12:08:59,20.38076152304609,0.9595941883767535
12:09:00,20.440881763527052,0.9652638610554442
12:09:01,20.501002004008015,0.9709502338009351
12:09:02,20.561122244488978,0.9766533066132264
12:09:03,20.62124248496994,0.9823730794923179
12:09:04,20.6813627254509,0.9881095524382096
12:09:05,20.741482965931862,0.9938627254509017
12:09:06,20.801603206412825,0.999632598530394
12:09:07,20.861723446893787,1.0054191716766865
12:09:08,20.92184368737475,1.0112224448897795
12:09:09,20.98196392785571,1.0170424181696727
12:09:10,21.04208416833667,1.022879091516366
12:09:11,21.102204408817634,1.0287324649298595
12:09:12,21.162324649298597,1.0346025384101536
12:09:13,21.22244488977956,1.0404893119572478
12:09:14,21.28256513026052,1.0463927855711421
12:09:15,21.34268537074148,1.052312959251837
12:09:16,21.402805611222444,1.0582498329993317
12:09:17,21.462925851703407,1.064203406813627
12:09:18,21.52304609218437,1.0701736806947226
12:09:19,21.58316633266533,1.0761606546426186
12:09:20,21.64328657314629,1.0821643286573146
12:09:21,21.703406813627254,1.088184702738811
12:09:22,21.763527054108216,1.0942217768871076
12:09:23,21.82364729458918,1.1002755511022044
12:09:24,21.883767535070138,1.1063460253841015
12:09:25,21.9438877755511,1.1124331997327987
12:09:26,22.004008016032063,1.1185370741482963
12:09:27,22.064128256513026,1.1246576486305944
12:09:28,22.12424849699399,1.1307949231796928
12:09:29,22.184368737474948,1.1369488977955913
12:09:30,22.24448897795591,1.1431195724782899
12:09:31,22.304609218436873,1.1493069472277888
12:09:32,22.364729458917836,1.155511022044088
12:09:33,22.4248496993988,1.1617317969271876
12:09:34,22.484969939879758,1.1679692718770873
12:09:35,22.54509018036072,1.1742234468937875
12:09:36,22.605210420841683,1.1804943219772879
12:09:37,22.665330661322646,1.1867818971275885
12:09:38,22.725450901803605,1.1930861723446895
12:09:39,22.785571142284567,1.1994071476285906
12:09:40,22.84569138276553,1.205744822979292
12:09:41,22.905811623246493,1.2120991983967935
12:09:42,22.965931863727455,1.2184702738810953
12:09:43,23.026052104208414,1.2248580494321974
12:09:44,23.086172344689377,1.2312625250501001
12:09:45,23.14629258517034,1.237683700734803
12:09:46,23.206412825651302,1.2441215764863058
12:09:47,23.266533066132265,1.2505761523046093
12:09:48,23.326653306613224,1.2570474281897128
12:09:49,23.386773547094187,1.2635354041416165
12:09:50,23.44689378757515,1.2700400801603204
12:09:51,23.507014028056112,1.2765614562458247
12:09:52,23.567134268537075,1.2830995323981293
12:09:53,23.627254509018034,1.2896543086172343
12:09:54,23.687374749498996,1.2962257849031396
12:09:55,23.74749498997996,1.302813961255845
12:09:56,23.80761523046092,1.3094188376753506
12:09:57,23.867735470941884,1.3160404141616566
12:09:58,23.927855711422843,1.3226786907147627
12:09:59,23.987975951903806,1.3293336673346692
12:10:00,24.04809619238477,1.336005344021376
12:10:01,24.10821643286573,1.342693720774883
12:10:02,24.168336673346694,1.3493987975951904
12:10:03,24.228456913827653,1.356120574482298
12:10:04,24.288577154308616,1.3628590514362058
12:10:05,24.34869739478958,1.369614228456914
12:10:06,24.40881763527054,1.3763861055444222
12:10:07,24.468937875751504,1.3831746826987308
12:10:08,24.529058116232463,1.3899799599198395
12:10:09,24.589178356713425,1.3968019372077487
12:10:10,24.649298597194388,1.4036406145624583
12:10:11,24.70941883767535,1.410495991983968
12:10:12,24.769539078156313,1.417368069472278
12:10:13,24.829659318637272,1.4242568470273882
12:10:14,24.889779559118235,1.4311623246492986
12:10:15,24.949899799599198,1.4380845023380093
12:10:16,25.01002004008016,1.4450233800935202
12:10:17,25.07014028056112,1.4519789579158315
12:10:18,25.130260521042082,1.4589512358049432
12:10:19,25.190380761523045,1.4659402137608553
12:10:20,25.250501002004007,1.4729458917835674
12:10:21,25.31062124248497,1.4799682698730796
12:10:22,25.37074148296593,1.4870073480293922
12:10:23,25.430861723446892,1.494063126252505
12:10:24,25.490981963927855,1.5011356045424182
12:10:25,25.551102204408817,1.5082247828991315
12:10:26,25.61122244488978,1.5153306613226452
12:10:27,25.67134268537074,1.5224532398129593
12:10:28,25.7314629258517,1.5295925183700736
12:10:29,25.791583166332664,1.536748496993988
12:10:30,25.851703406813627,1.5439211756847029
12:10:31,25.91182364729459,1.5511105544422177
12:10:32,25.97194388777555,1.558316633266533
12:10:33,26.03206412825651,1.5655394121576485
12:10:34,26.092184368737474,1.5727788911155645
12:10:35,26.152304609218437,1.5800350701402806
12:10:36,26.2124248496994,1.587307949231797
12:10:37,26.27254509018036,1.5945975283901137
12:10:38,26.33266533066132,1.6019038076152305
12:10:39,26.392785571142284,1.6092267869071477
12:10:40,26.452905811623246,1.616566466265865
12:10:41,26.51302605210421,1.6239228456913828
12:10:42,26.573146292585168,1.6312959251837005
12:10:43,26.63326653306613,1.638685704742819
12:10:44,26.693386773547093,1.6460921843687375
12:10:45,26.753507014028056,1.6535153640614562
12:10:46,26.81362725450902,1.6609552438209754
12:10:47,26.873747494989978,1.6684118236472947
12:10:48,26.93386773547094,1.675885103540414
12:10:49,26.993987975951903,1.6833750835003338
12:10:50,27.054108216432866,1.6908817635270539
12:10:51,27.11422845691383,1.6984051436205743
12:10:52,27.174348697394787,1.705945223780895
12:10:53,27.23446893787575,1.713502004008016
12:10:54,27.294589178356713,1.7210754843019371
12:10:55,27.354709418837675,1.7286656646626586
12:10:56,27.414829659318634,1.7362725450901804
12:10:57,27.474949899799597,1.7438961255845022
12:10:58,27.53507014028056,1.7515364061456244
12:10:59,27.595190380761522,1.759193386773547
12:11:00,27.655310621242485,1.7668670674682698
12:11:01,27.715430861723444,1.774557448229793
12:11:02,27.775551102204407,1.7822645290581163
12:11:03,27.83567134268537,1.7899883099532399
12:11:04,27.895791583166332,1.7977287909151638
12:11:05,27.955911823647295,1.8054859719438878
12:11:06,28.016032064128254,1.8132598530394122
12:11:07,28.076152304609217,1.8210504342017366
12:11:08,28.13627254509018,1.8288577154308616
12:11:09,28.196392785571142,1.836681696726787
12:11:10,28.256513026052104,1.8445223780895124
12:11:11,28.316633266533064,1.852379759519038
12:11:12,28.376753507014026,1.860253841015364
12:11:13,28.43687374749499,1.8681446225784903
12:11:14,28.49699398797595,1.8760521042084166
12:11:15,28.557114228456914,1.8839762859051434
12:11:16,28.617234468937873,1.8919171676686706
12:11:17,28.677354709418836,1.899874749498998
12:11:18,28.7374749498998,1.9078490313961256
12:11:19,28.79759519038076,1.9158400133600535
12:11:20,28.857715430861724,1.9238476953907817
12:11:21,28.917835671342683,1.93187207748831
12:11:22,28.977955911823646,1.9399131596526387
12:11:23,29.03807615230461,1.9479709418837674
12:11:24,29.09819639278557,1.9560454241816965
12:11:25,29.158316633266534,1.964136606546426
12:11:26,29.218436873747493,1.9722444889779558
12:11:27,29.278557114228455,1.9803690714762858
12:11:28,29.338677354709418,1.9885103540414162
12:11:29,29.39879759519038,1.9966683366733466
12:11:30,29.458917835671343,2.0048430193720774
12:11:31,29.519038076152302,2.0130344021376083
12:11:32,29.579158316633265,2.0212424849699397
12:11:33,29.639278557114228,2.0294672678690713
12:11:34,29.69939879759519,2.0377087508350034
12:11:35,29.75951903807615,2.0459669338677355
12:11:36,29.819639278557112,2.054241816967268
12:11:37,29.879759519038075,2.0625334001336006
12:11:38,29.939879759519037,2.0708416833667336
12:11:39,30.0,2.0791666666666666
12:11:40,30.0,2.0875
12:11:41,30.0,2.0958333333333337
12:11:42,30.0,2.104166666666667
12:11:43,30.0,2.1125000000000003
12:11:44,30.0,2.120833333333334
12:11:45,30.0,2.1291666666666673
12:11:46,30.0,2.137500000000001
12:11:47,30.0,2.1458333333333344
12:11:48,30.0,2.1541666666666677
12:11:49,30.0,2.1625000000000014
12:11:50,30.0,2.1708333333333347
12:11:51,30.0,2.1791666666666685
12:11:52,30.0,2.1875000000000018
12:11:53,30.0,2.1958333333333355
12:11:54,30.0,2.204166666666669
12:11:55,30.0,2.212500000000002
12:11:56,30.0,2.220833333333336
12:11:57,30.0,2.229166666666669
12:11:58,30.0,2.237500000000003
12:11:59,30.0,2.2458333333333362
12:12:00,30.0,2.2541666666666695
12:12:01,30.0,2.2625000000000033
12:12:02,30.0,2.2708333333333366
12:12:03,30.0,2.2791666666666703
12:12:04,30.0,2.2875000000000036
12:12:05,30.0,2.295833333333337
12:12:06,30.0,2.3041666666666707
12:12:07,30.0,2.312500000000004
12:12:08,30.0,2.3208333333333377
12:12:09,30.0,2.329166666666671
12:12:10,30.0,2.3375000000000044
12:12:11,30.0,2.345833333333338
12:12:12,30.0,2.3541666666666714
12:12:13,30.0,2.362500000000005
12:12:14,30.0,2.3708333333333385
12:12:15,30.0,2.3791666666666718
12:12:16,30.0,2.3875000000000055
12:12:17,30.0,2.395833333333339
12:12:18,30.0,2.4041666666666726
12:12:19,30.0,2.412500000000006
12:12:20,30.0,2.4208333333333396
12:12:21,30.0,2.429166666666673
12:12:22,30.0,2.437500000000006
12:12:23,30.0,2.44583333333334
12:12:24,30.0,2.4541666666666733
12:12:25,30.0,2.462500000000007
12:12:26,30.0,2.4708333333333403
12:12:27,30.0,2.4791666666666736
12:12:28,30.0,2.4875000000000074
12:12:29,30.0,2.4958333333333407
12:12:30,30.0,2.5041666666666744
12:12:31,30.0,2.5125000000000077
12:12:32,30.0,2.520833333333341
12:12:33,30.0,2.529166666666675
12:12:34,30.0,2.537500000000008
12:12:35,30.0,2.545833333333342
12:12:36,30.0,2.554166666666675
12:12:37,30.0,2.5625000000000084
12:12:38,30.0,2.570833333333342
12:12:39,30.0,2.5791666666666755
12:12:40,30.0,2.5875000000000092
12:12:41,30.0,2.5958333333333425
12:12:42,30.0,2.604166666666676
12:12:43,30.0,2.6125000000000096
12:12:44,30.0,2.620833333333343
12:12:45,30.0,2.6291666666666766
12:12:46,30.0,2.63750000000001
12:12:47,30.0,2.6458333333333437
12:12:48,30.0,2.654166666666677
12:12:49,30.0,2.6625000000000103
12:12:50,30.0,2.670833333333344
12:12:51,30.0,2.6791666666666774
12:12:52,30.0,2.687500000000011
12:12:53,30.0,2.6958333333333444
12:12:54,30.0,2.7041666666666777
12:12:55,30.0,2.7125000000000115
12:12:56,30.0,2.7208333333333448
12:12:57,30.0,2.7291666666666785
12:12:58,30.0,2.737500000000012
12:12:59,30.0,2.745833333333345
12:13:00,30.0,2.754166666666679
12:13:01,30.0,2.762500000000012
12:13:02,30.0,2.770833333333346
12:13:03,30.0,2.779166666666679
12:13:04,30.0,2.7875000000000125
12:13:05,30.0,2.7958333333333463
12:13:06,30.0,2.8041666666666796
12:13:07,30.0,2.8125000000000133
12:13:08,30.0,2.8208333333333466
12:13:09,30.0,2.8291666666666804
12:13:10,30.0,2.8375000000000137
12:13:11,30.0,2.845833333333347
12:13:12,30.0,2.8541666666666807
12:13:13,30.0,2.862500000000014
12:13:14,30.0,2.870833333333348
12:13:15,30.0,2.879166666666681
12:13:16,30.0,2.8875000000000144
12:13:17,30.0,2.895833333333348
12:13:18,30.0,2.9041666666666814
12:13:19,30.0,2.912500000000015
12:13:20,30.0,2.9208333333333485
12:13:21,30.0,2.929166666666682
12:13:22,30.0,2.9375000000000155
12:13:23,30.0,2.945833333333349
12:13:24,30.0,2.9541666666666826
12:13:25,30.0,2.962500000000016
12:13:26,30.0,2.970833333333349
12:13:27,30.0,2.979166666666683
12:13:28,30.0,2.9875000000000163
12:13:29,30.0,2.99583333333335
12:13:30,30.0,3.0041666666666833
12:13:31,30.0,3.0125000000000166
12:13:32,30.0,3.0208333333333504
12:13:33,30.0,3.0291666666666837
12:13:34,30.0,3.0375000000000174
12:13:35,30.0,3.0458333333333507
12:13:36,30.0,3.0541666666666845
12:13:37,30.0,3.0625000000000178
12:13:38,30.0,3.070833333333351
12:13:39,30.0,3.079166666666685
12:13:40,30.0,3.087500000000018
12:13:41,30.0,3.095833333333352
12:13:42,30.0,3.104166666666685
12:13:43,30.0,3.1125000000000185
12:13:44,30.0,3.120833333333352
12:13:45,30.0,3.1291666666666855
12:13:46,30.0,3.1375000000000193
12:13:47,30.0,3.1458333333333526
12:13:48,30.0,3.154166666666686
12:13:49,30.0,3.1625000000000196
12:13:50,30.0,3.170833333333353
12:13:51,30.0,3.1791666666666867
12:13:52,30.0,3.18750000000002
12:13:53,30.0,3.1958333333333533
12:13:54,30.0,3.204166666666687
12:13:55,30.0,3.2125000000000203
12:13:56,30.0,3.220833333333354
12:13:57,30.0,3.2291666666666874
12:13:58,30.0,3.237500000000021
12:13:59,30.0,3.2458333333333544
12:14:00,30.0,3.2541666666666877
12:14:01,30.0,3.2625000000000215
12:14:02,30.0,3.270833333333355
12:14:03,30.0,3.2791666666666885
12:14:04,30.0,3.287500000000022
12:14:05,30.0,3.295833333333355
12:14:06,30.0,3.304166666666689
12:14:07,30.0,3.312500000000022
12:14:08,30.0,3.320833333333356
12:14:09,30.0,3.3291666666666893
12:14:10,30.0,3.3375000000000226
12:14:11,30.0,3.3458333333333563
12:14:12,30.0,3.3541666666666896
12:14:13,30.0,3.3625000000000234
12:14:14,30.0,3.3708333333333567
12:14:15,30.0,3.37916666666669
12:14:16,30.0,3.3875000000000237
12:14:17,30.0,3.395833333333357
12:14:18,30.0,3.4041666666666908
12:14:19,30.0,3.412500000000024
12:14:20,30.0,3.4208333333333574
12:14:21,30.0,3.429166666666691
12:14:22,30.0,3.4375000000000244
12:14:23,30.0,3.445833333333358
12:14:24,30.0,3.4541666666666915
12:14:25,30.0,3.4625000000000252
12:14:26,30.0,3.4708333333333585
12:14:27,30.0,3.479166666666692
12:14:28,30.0,3.4875000000000256
12:14:29,30.0,3.495833333333359
12:14:30,30.0,3.5041666666666926
12:14:31,30.0,3.512500000000026
12:14:32,30.0,3.5208333333333592
12:14:33,30.0,3.529166666666693
12:14:34,30.0,3.5375000000000263
12:14:35,30.0,3.54583333333336
12:14:36,30.0,3.5541666666666933
12:14:37,30.0,3.5625000000000266
12:14:38,30.0,3.5708333333333604
12:14:39,30.0,3.5791666666666937
12:14:40,30.0,3.5875000000000274
12:14:41,30.0,3.5958333333333607
12:14:42,30.0,3.604166666666694
12:14:43,30.0,3.612500000000028
12:14:44,30.0,3.620833333333361
12:14:45,30.0,3.629166666666695
12:14:46,30.0,3.637500000000028
12:14:47,30.0,3.6458333333333615
12:14:48,30.0,3.654166666666695
12:14:49,30.0,3.6625000000000285
12:14:50,30.0,3.6708333333333623
12:14:51,30.0,3.6791666666666956
12:14:52,30.0,3.6875000000000293
12:14:53,30.0,3.6958333333333626
12:14:54,30.0,3.704166666666696
12:14:55,30.0,3.7125000000000297
12:14:56,30.0,3.720833333333363
12:14:57,30.0,3.7291666666666967
12:14:58,30.0,3.73750000000003
12:14:59,30.0,3.7458333333333633
12:15:00,30.0,3.754166666666697
12:15:01,30.0,3.7625000000000304
12:15:02,30.0,3.770833333333364
12:15:03,30.0,3.7791666666666974
12:15:04,30.0,3.7875000000000307
12:15:05,30.0,3.7958333333333645
12:15:06,30.0,3.804166666666698
12:15:07,30.0,3.8125000000000315
12:15:08,30.0,3.820833333333365
12:15:09,30.0,3.829166666666698
12:15:10,30.0,3.837500000000032
12:15:11,30.0,3.845833333333365
12:15:12,30.0,3.854166666666699
12:15:13,30.0,3.8625000000000322
12:15:14,30.0,3.870833333333366
12:15:15,30.0,3.8791666666666993
12:15:16,30.0,3.8875000000000326
12:15:17,30.0,3.8958333333333663
12:15:18,30.0,3.9041666666666996
12:15:19,30.0,3.9125000000000334
12:15:20,30.0,3.9208333333333667
12:15:21,30.0,3.9291666666667
12:15:22,30.0,3.9375000000000338
12:15:23,30.0,3.945833333333367
12:15:24,30.0,3.954166666666701
12:15:25,30.0,3.962500000000034
12:15:26,30.0,3.9708333333333674
12:15:27,30.0,3.979166666666701
12:15:28,30.0,3.9875000000000345
12:15:29,30.0,3.995833333333368
12:15:30,30.0,4.004166666666702
12:15:31,30.0,4.012500000000035
12:15:32,30.0,4.020833333333369
12:15:33,30.0,4.029166666666702
12:15:34,30.0,4.037500000000035
12:15:35,30.0,4.045833333333369
12:15:36,30.0,4.054166666666703
12:15:37,30.0,4.0625000000000355
12:15:38,30.0,4.070833333333369
12:15:39,30.0,4.079166666666703
12:15:40,30.0,4.087500000000037
12:15:41,30.0,4.09583333333337
12:15:42,30.0,4.104166666666703
12:15:43,30.0,4.112500000000036
12:15:44,30.0,4.120833333333369
12:15:45,30.0,4.129166666666703
12:15:46,30.0,4.137500000000036
12:15:47,30.0,4.145833333333369
12:15:48,30.0,4.154166666666701
12:15:49,30.0,4.162500000000034
12:15:50,30.0,4.170833333333368
12:15:51,30.0,4.179166666666701
12:15:52,30.0,4.187500000000034
12:15:53,30.0,4.195833333333367
12:15:54,30.0,4.2041666666666995
12:15:55,30.0,4.212500000000032
12:15:56,30.0,4.220833333333366
12:15:57,30.0,4.229166666666699
12:15:58,30.0,4.237500000000032
12:15:59,30.0,4.245833333333365
12:16:00,30.0,4.2541666666666975
12:16:01,30.0,4.262500000000031
12:16:02,30.0,4.270833333333364
12:16:03,30.0,4.279166666666697
12:16:04,30.0,4.28750000000003
12:16:05,30.0,4.295833333333363
12:16:06,30.0,4.3041666666666965
12:16:07,30.0,4.312500000000029
12:16:08,30.0,4.320833333333362
12:16:09,30.0,4.329166666666695
12:16:10,30.0,4.337500000000028
12:16:11,30.0,4.345833333333362
12:16:12,30.0,4.3541666666666945
12:16:13,30.0,4.362500000000027
12:16:14,30.0,4.37083333333336
12:16:15,30.0,4.379166666666693
12:16:16,30.0,4.387500000000026
12:16:17,30.0,4.39583333333336
12:16:18,30.0,4.4041666666666925
12:16:19,30.0,4.412500000000025
12:16:20,30.0,4.420833333333358
12:16:21,30.0,4.429166666666691
12:16:22,30.0,4.437500000000025
12:16:23,30.0,4.445833333333358
12:16:24,30.0,4.454166666666691
12:16:25,30.0,4.4625000000000234
12:16:26,30.0,4.470833333333356
12:16:27,30.0,4.47916666666669
12:16:28,30.0,4.487500000000023
12:16:29,30.0,4.495833333333356
12:16:30,30.0,4.504166666666689
12:16:31,30.0,4.5125000000000215
12:16:32,30.0,4.520833333333355
12:16:33,30.0,4.529166666666688
12:16:34,30.0,4.537500000000021
12:16:35,30.0,4.545833333333354
12:16:36,30.0,4.554166666666687
12:16:37,30.0,4.56250000000002
12:16:38,30.0,4.570833333333353
12:16:39,30.0,4.579166666666686
12:16:40,30.0,4.587500000000019
12:16:41,30.0,4.595833333333352
12:16:42,30.0,4.604166666666685
12:16:43,30.0,4.6125000000000185
12:16:44,30.0,4.620833333333351
12:16:45,30.0,4.629166666666684
12:16:46,30.0,4.637500000000017
12:16:47,30.0,4.64583333333335
12:16:48,30.0,4.654166666666684
12:16:49,30.0,4.6625000000000165
12:16:50,30.0,4.670833333333349
12:16:51,30.0,4.679166666666682
12:16:52,30.0,4.687500000000015
12:16:53,30.0,4.695833333333349
12:16:54,30.0,4.704166666666682
12:16:55,30.0,4.712500000000015
12:16:56,30.0,4.720833333333347
12:16:57,30.0,4.72916666666668
12:16:58,30.0,4.737500000000014
12:16:59,30.0,4.745833333333347
12:17:00,30.0,4.75416666666668
12:17:01,30.0,4.762500000000013
12:17:02,30.0,4.7708333333333455
12:17:03,30.0,4.779166666666679
12:17:04,30.0,4.787500000000012
12:17:05,30.0,4.795833333333345
12:17:06,30.0,4.804166666666678
12:17:07,30.0,4.812500000000011
12:17:08,30.0,4.8208333333333435
12:17:09,30.0,4.829166666666677
12:17:10,30.0,4.83750000000001
12:17:11,30.0,4.845833333333343
12:17:12,30.0,4.854166666666676
12:17:13,30.0,4.862500000000009
12:17:14,30.0,4.8708333333333425
12:17:15,30.0,4.879166666666675
12:17:16,30.0,4.887500000000008
12:17:17,30.0,4.895833333333341
12:17:18,30.0,4.904166666666674
12:17:19,30.0,4.912500000000008
12:17:20,30.0,4.9208333333333405
12:17:21,30.0,4.929166666666673
12:17:22,30.0,4.937500000000006
12:17:23,30.0,4.945833333333339
12:17:24,30.0,4.954166666666673
12:17:25,30.0,4.962500000000006
12:17:26,30.0,4.9708333333333385
12:17:27,30.0,4.979166666666671
12:17:28,30.0,4.987500000000004
12:17:29,30.0,4.995833333333338
12:17:30,30.0,5.004166666666671
12:17:31,30.0,5.012500000000004
12:17:32,30.0,5.020833333333337
12:17:33,30.0,5.0291666666666694
12:17:34,30.0,5.037500000000002
12:17:35,30.0,5.045833333333336
12:17:36,30.0,5.054166666666669
12:17:37,30.0,5.062500000000002
12:17:38,30.0,5.070833333333335
12:17:39,30.0,5.0791666666666675
12:17:40,30.0,5.087500000000001
12:17:41,30.0,5.095833333333334
12:17:42,30.0,5.104166666666667
12:17:43,30.0,5.1125
12:17:44,30.0,5.120833333333333
12:17:45,30.0,5.129166666666666
12:17:46,30.0,5.137499999999999
12:17:47,30.0,5.145833333333332
12:17:48,30.0,5.154166666666665
12:17:49,30.0,5.162499999999998
12:17:50,30.0,5.170833333333332
12:17:51,30.0,5.1791666666666645
12:17:52,30.0,5.187499999999997
12:17:53,30.0,5.19583333333333
12:17:54,30.0,5.204166666666663
12:17:55,30.0,5.212499999999997
12:17:56,30.0,5.22083333333333
12:17:57,30.0,5.2291666666666625
12:17:58,30.0,5.237499999999995
12:17:59,30.0,5.245833333333328
12:18:00,30.0,5.254166666666661
12:18:01,30.0,5.262499999999995
12:18:02,30.0,5.270833333333328
12:18:03,30.0,5.279166666666661
12:18:04,30.0,5.287499999999993
12:18:05,30.0,5.295833333333326
12:18:06,30.0,5.30416666666666
12:18:07,30.0,5.312499999999993
12:18:08,30.0,5.320833333333326
12:18:09,30.0,5.329166666666659
12:18:10,30.0,5.3374999999999915
12:18:11,30.0,5.345833333333325
12:18:12,30.0,5.354166666666658
12:18:13,30.0,5.362499999999991
12:18:14,30.0,5.370833333333324
12:18:15,30.0,5.379166666666657
12:18:16,30.0,5.38749999999999
12:18:17,30.0,5.395833333333323
12:18:18,30.0,5.404166666666656
12:18:19,30.0,5.412499999999989
12:18:20,30.0,5.420833333333322
12:18:21,29.939879759519037,5.429158316633256
12:18:22,29.879759519038075,5.437466599866388
12:18:23,29.819639278557116,5.445758183032722
12:18:24,29.759519038076153,5.454033066132254
12:18:25,29.69939879759519,5.462291249164986
12:18:26,29.639278557114228,5.470532732130918
12:18:27,29.579158316633265,5.478757515030049
12:18:28,29.519038076152306,5.486965597862381
12:18:29,29.458917835671343,5.495156980627911
12:18:30,29.39879759519038,5.503331663326642
12:18:31,29.338677354709418,5.511489645958573
12:18:32,29.278557114228455,5.519630928523703
12:18:33,29.218436873747496,5.527755511022033
12:18:34,29.158316633266534,5.535863393453563
12:18:35,29.09819639278557,5.543954575818292
12:18:36,29.03807615230461,5.552029058116221
12:18:37,28.97795591182365,5.560086840347351
12:18:38,28.917835671342687,5.56812792251168
12:18:39,28.857715430861724,5.576152304609208
12:18:40,28.79759519038076,5.5841599866399365
12:18:41,28.7374749498998,5.592150968603864
12:18:42,28.677354709418836,5.600125250500992
12:18:43,28.617234468937877,5.608082832331319
12:18:44,28.557114228456914,5.616023714094846
12:18:45,28.49699398797595,5.623947895791573
12:18:46,28.43687374749499,5.631855377421499
12:18:47,28.37675350701403,5.639746158984625
12:18:48,28.316633266533067,5.647620240480951
12:18:49,28.256513026052104,5.655477621910477
12:18:50,28.196392785571142,5.663318303273202
12:18:51,28.13627254509018,5.671142284569128
12:18:52,28.07615230460922,5.678949565798252
12:18:53,28.016032064128257,5.686740146960577
12:18:54,27.955911823647295,5.694514028056102
12:18:55,27.895791583166332,5.702271209084826
12:18:56,27.83567134268537,5.71001169004675
12:18:57,27.77555110220441,5.717735470941873
12:18:58,27.715430861723448,5.725442551770197
12:18:59,27.655310621242485,5.733132932531719
12:19:00,27.595190380761522,5.740806613226442
12:19:01,27.53507014028056,5.748463593854364
12:19:02,27.4749498997996,5.756103874415486
12:19:03,27.414829659318638,5.763727454909809
12:19:04,27.354709418837675,5.77133433533733
12:19:05,27.294589178356713,5.778924515698051
12:19:06,27.23446893787575,5.786497995991973
12:19:07,27.17434869739479,5.7940547762190935
12:19:08,27.11422845691383,5.801594856379414
12:19:09,27.054108216432866,5.809118236472934
12:19:10,26.993987975951903,5.816624916499655
12:19:11,26.93386773547094,5.824114896459575
12:19:12,26.87374749498998,5.831588176352695
12:19:13,26.81362725450902,5.839044756179014
12:19:14,26.753507014028056,5.846484635938533
12:19:15,26.693386773547093,5.853907815631252
12:19:16,26.633266533066134,5.86131429525717
12:19:17,26.57314629258517,5.868704074816288
12:19:18,26.51302605210421,5.876077154308605
12:19:19,26.452905811623246,5.883433533734124
12:19:20,26.392785571142284,5.8907732130928405
12:19:21,26.33266533066132,5.898096192384758
12:19:22,26.272545090180362,5.905402471609874
12:19:23,26.2124248496994,5.912692050768191
12:19:24,26.152304609218437,5.919964929859708
12:19:25,26.092184368737474,5.927221108884424
12:19:26,26.032064128256515,5.93446058784234
12:19:27,25.971943887775552,5.941683366733455
12:19:28,25.91182364729459,5.948889445557771
12:19:29,25.851703406813627,5.956078824315287
12:19:30,25.791583166332664,5.963251503006001
12:19:31,25.7314629258517,5.970407481629915
12:19:32,25.671342685370742,5.97754676018703
12:19:33,25.61122244488978,5.984669338677343
12:19:34,25.551102204408817,5.991775217100857
12:19:35,25.490981963927858,5.99886439545757
12:19:36,25.430861723446895,6.005936873747483
12:19:37,25.370741482965933,6.012992651970596
12:19:38,25.31062124248497,6.020031730126909
12:19:39,25.250501002004007,6.027054108216421
12:19:40,25.190380761523045,6.034059786239133
12:19:41,25.130260521042082,6.041048764195045
12:19:42,25.070140280561123,6.048021042084157
12:19:43,25.01002004008016,6.054976619906468
12:19:44,24.949899799599198,6.061915497661979
12:19:45,24.88977955911824,6.06883767535069
12:19:46,24.829659318637276,6.075743152972601
12:19:47,24.769539078156313,6.082631930527711
12:19:48,24.70941883767535,6.0895040080160205
12:19:49,24.649298597194388,6.09635938543753
12:19:50,24.589178356713425,6.10319806279224
12:19:51,24.529058116232466,6.1100200400801485
12:19:52,24.468937875751504,6.116825317301257
12:19:53,24.40881763527054,6.123613894455566
12:19:54,24.34869739478958,6.130385771543074
12:19:55,24.28857715430862,6.137140948563783
12:19:56,24.228456913827657,6.14387942551769
12:19:57,24.168336673346694,6.150601202404798
12:19:58,24.10821643286573,6.1573062792251045
12:19:59,24.04809619238477,6.1639946559786125
12:20:00,23.987975951903806,6.170666332665319
12:20:01,23.927855711422847,6.177321309285226
12:20:02,23.867735470941884,6.183959585838331
12:20:03,23.80761523046092,6.190581162324638
12:20:04,23.74749498997996,6.197186038744144
12:20:05,23.687374749499,6.203774215096849
12:20:06,23.627254509018037,6.210345691382754
12:20:07,23.567134268537075,6.216900467601858
12:20:08,23.507014028056112,6.223438543754163
12:20:09,23.44689378757515,6.229959919839668
12:20:10,23.386773547094187,6.236464595858371
12:20:11,23.326653306613228,6.242952571810275
12:20:12,23.266533066132265,6.249423847695379
12:20:13,23.206412825651302,6.255878423513682
12:20:14,23.146292585170343,6.262316299265185
12:20:15,23.08617234468938,6.268737474949888
12:20:16,23.026052104208418,6.27514195056779
12:20:17,22.965931863727455,6.281529726118893
12:20:18,22.905811623246493,6.287900801603195
12:20:19,22.84569138276553,6.2942551770206965
12:20:20,22.785571142284567,6.300592852371398
12:20:21,22.725450901803608,6.3069138276553
12:20:22,22.665330661322646,6.3132181028723995
12:20:23,22.605210420841683,6.319505678022701
12:20:24,22.545090180360724,6.3257765531062
12:20:25,22.48496993987976,6.3320307281229
12:20:26,22.4248496993988,6.3382682030728
12:20:27,22.364729458917836,6.3444889779558995
12:20:28,22.304609218436873,6.350693052772199
12:20:29,22.24448897795591,6.356880427521698
12:20:30,22.18436873747495,6.3630511022043965
12:20:31,22.12424849699399,6.369205076820295
12:20:32,22.064128256513026,6.375342351369393
12:20:33,22.004008016032063,6.381462925851691
12:20:34,21.943887775551104,6.387566800267189
12:20:35,21.88376753507014,6.393653974615887
12:20:36,21.82364729458918,6.399724448897784
12:20:37,21.763527054108216,6.405778223112882
12:20:38,21.703406813627254,6.411815297261178
12:20:39,21.64328657314629,6.417835671342674
12:20:40,21.58316633266533,6.42383934535737
12:20:41,21.52304609218437,6.429826319305265
12:20:42,21.462925851703407,6.435796593186361
12:20:43,21.402805611222448,6.441750167000656
12:20:44,21.342685370741485,6.447687040748151
12:20:45,21.282565130260522,6.453607214428845
12:20:46,21.22244488977956,6.45951068804274
12:20:47,21.162324649298597,6.465397461589834
12:20:48,21.102204408817634,6.471267535070129
12:20:49,21.04208416833667,6.477120908483622
12:20:50,20.981963927855713,6.482957581830315
12:20:51,20.92184368737475,6.488777555110208
12:20:52,20.861723446893787,6.4945808283233015
12:20:53,20.80160320641283,6.500367401469594
12:20:54,20.741482965931866,6.506137274549087
12:20:55,20.681362725450903,6.511890447561779
12:20:56,20.62124248496994,6.517626920507671
12:20:57,20.561122244488978,6.523346693386762
12:20:58,20.501002004008015,6.529049766199053
12:20:59,20.440881763527052,6.534736138944544
12:21:00,20.380761523046093,6.540405811623234
12:21:01,20.32064128256513,6.546058784235125
12:21:02,20.260521042084168,6.551695056780215
12:21:03,20.20040080160321,6.557314629258506
12:21:04,20.140280561122246,6.562917501669995
12:21:05,20.080160320641284,6.568503674014685
12:21:06,20.02004008016032,6.574073146292573
12:21:07,19.95991983967936,6.5796259185036625
12:21:08,19.899799599198396,6.585161990647951
12:21:09,19.839679358717433,6.59068136272544
12:21:10,19.779559118236474,6.596184034736128
12:21:11,19.71943887775551,6.601670006680016
12:21:12,19.659318637274552,6.607139278557104
12:21:13,19.59919839679359,6.61259185036739
12:21:14,19.539078156312627,6.618027722110877
12:21:15,19.478957915831664,6.6234468937875635
12:21:16,19.4188376753507,6.62884936539745
12:21:17,19.35871743486974,6.634235136940536
12:21:18,19.298597194388776,6.639604208416822
12:21:19,19.238476953907814,6.6449565798263075
12:21:20,19.178356713426854,6.6502922511689935
12:21:21,19.118236472945892,6.655611222444878
12:21:22,19.058116232464933,6.660913493653963
12:21:23,18.99799599198397,6.666199064796247
12:21:24,18.937875751503007,6.671467935871732
12:21:25,18.877755511022045,6.676720106880416
12:21:26,18.817635270541082,6.6819555778223005
12:21:27,18.75751503006012,6.687174348697384
12:21:28,18.697394789579157,6.692376419505667
12:21:29,18.637274549098198,6.697561790247151
12:21:30,18.577154308617235,6.702730460921833
12:21:31,18.517034068136272,6.707882431529715
12:21:32,18.456913827655313,6.713017702070797
12:21:33,18.39679358717435,6.718136272545079
12:21:34,18.336673346693388,6.72323814295256
12:21:35,18.276553106212425,6.728323313293242
12:21:36,18.216432865731463,6.733391783567122
12:21:37,18.1563126252505,6.738443553774204
12:21:38,18.096192384769537,6.743478623914484
12:21:39,18.03607214428858,6.748496993987965
12:21:40,17.975951903807616,6.753498663994645
12:21:41,17.915831663326653,6.7584836339345244
12:21:42,17.855711422845694,6.763451903807604
12:21:43,17.79559118236473,6.768403473613883
12:21:44,17.73547094188377,6.7733383433533625
12:21:45,17.675350701402806,6.778256513026042
12:21:46,17.615230460921843,6.78315798263192
12:21:47,17.55511022044088,6.788042752170998
12:21:48,17.494989979959918,6.792910821643276
12:21:49,17.43486973947896,6.797762191048753
12:21:50,17.374749498997996,6.802596860387431
12:21:51,17.314629258517037,6.807414829659307
12:21:52,17.254509018036075,6.8122160988643845
12:21:53,17.194388777555112,6.8170006680026605
12:21:54,17.13426853707415,6.821768537074138
12:21:55,17.074148296593187,6.826519706078813
12:21:56,17.014028056112224,6.8312541750166895
12:21:57,16.95390781563126,6.835971943887764
12:21:58,16.8937875751503,6.84067301269204
12:21:59,16.83366733466934,6.845357381429515
12:22:00,16.773547094188377,6.85002505010019
12:22:01,16.713426853707418,6.8546760187040645
12:22:02,16.653306613226455,6.859310287241138
12:22:03,16.593186372745492,6.863927855711412
12:22:04,16.53306613226453,6.868528724114885
12:22:05,16.472945891783567,6.873112892451559
12:22:06,16.412825651302605,6.877680360721431
12:22:07,16.352705410821642,6.882231128924505
12:22:08,16.292585170340683,6.886765197060777
12:22:09,16.23246492985972,6.891282565130249
12:22:10,16.172344689378757,6.895783233132921
12:22:11,16.1122244488978,6.900267201068793
12:22:12,16.052104208416836,6.904734468937864
12:22:13,15.991983967935873,6.909185036740135
12:22:14,15.93186372745491,6.913618904475607
12:22:15,15.871743486973948,6.918036072144278
12:22:16,15.811623246492987,6.922436539746148
12:22:17,15.751503006012024,6.9268203072812184
12:22:18,15.691382765531063,6.931187374749488
12:22:19,15.6312625250501,6.935537742150958
12:22:20,15.571142284569138,6.939871409485627
12:22:21,15.511022044088177,6.9441883767534955
12:22:22,15.450901803607215,6.948488643954565
12:22:23,15.390781563126254,6.952772211088833
12:22:24,15.330661322645291,6.957039078156301
12:22:25,15.270541082164328,6.961289245156968
12:22:26,15.210420841683367,6.965522712090837
12:22:27,15.150300601202405,6.969739478957904
12:22:28,15.090180360721444,6.973939545758172
12:22:29,15.030060120240481,6.978122912491638
12:22:30,14.96993987975952,6.982289579158305
12:22:31,14.909819639278558,6.986439545758171
12:22:32,14.849699398797595,6.990572812291238
12:22:33,14.789579158316634,6.994689378757504
12:22:34,14.729458917835672,6.99878924515697
12:22:35,14.66933867735471,7.002872411489635
12:22:36,14.609218436873748,7.006938877755499
12:22:37,14.549098196392785,7.010988643954565
12:22:38,14.488977955911825,7.015021710086828
12:22:39,14.428857715430862,7.019038076152293
12:22:40,14.368737474949901,7.023037742150956
12:22:41,14.308617234468938,7.02702070808282
12:22:42,14.248496993987976,7.030986973947884
12:22:43,14.188376753507015,7.034936539746147
12:22:44,14.128256513026052,7.03886940547761
12:22:45,14.068136272545091,7.042785571142272
12:22:46,14.008016032064129,7.046685036740135
12:22:47,13.947895791583168,7.050567802271197
12:22:48,13.887775551102205,7.054433867735459
12:22:49,13.827655310621243,7.058283233132921
12:22:50,13.76753507014028,7.062115898463582
12:22:51,13.70741482965932,7.065931863727443
12:22:52,13.647294589178358,7.069731128924505
12:22:53,13.587174348697395,7.073513694054765
12:22:54,13.527054108216433,7.0772795591182245
12:22:55,13.46693386773547,7.081028724114884
12:22:56,13.406813627254511,7.084761189044745
12:22:57,13.346693386773548,7.088476953907803
12:22:58,13.286573146292586,7.092176018704063
12:22:59,13.226452905811623,7.095858383433521
12:23:00,13.16633266533066,7.09952404809618
12:23:01,13.106212424849701,7.1031730126920385
12:23:02,13.046092184368739,7.106805277221096
12:23:03,12.985971943887776,7.1104208416833545
12:23:04,12.925851703406813,7.114019706078812
12:23:05,12.86573146292585,7.117601870407469
12:23:06,12.805611222444892,7.121167334669327
12:23:07,12.745490981963929,7.124716098864384
12:23:08,12.685370741482966,7.128248162992641
12:23:09,12.625250501002004,7.131763527054097
12:23:10,12.565130260521041,7.135262191048752
12:23:11,12.505010020040082,7.138744154976608
12:23:12,12.44488977955912,7.1422094188376635
12:23:13,12.384769539078157,7.145657982631919
12:23:14,12.324649298597194,7.149089846359373
12:23:15,12.264529058116231,7.152505010020028
12:23:16,12.204408817635272,7.155903473613882
12:23:17,12.14428857715431,7.159285237140936
12:23:18,12.084168336673347,7.1626503006011895
12:23:19,12.024048096192384,7.165998663994643
12:23:20,11.963927855711425,7.169330327321297
12:23:21,11.903807615230463,7.17264529058115
12:23:22,11.8436873747495,7.175943553774203
12:23:23,11.783567134268537,7.179225116900456
12:23:24,11.723446893787575,7.182489979959908
12:23:25,11.663326653306616,7.185738142952561
12:23:26,11.603206412825653,7.188969605878412
12:23:27,11.54308617234469,7.192184368737463
12:23:28,11.482965931863728,7.195382431529715
12:23:29,11.422845691382765,7.198563794255165
12:23:30,11.362725450901806,7.201728456913815
12:23:31,11.302605210420843,7.204876419505665
12:23:32,11.24248496993988,7.208007682030716
12:23:33,11.182364729458918,7.2111222444889655
12:23:34,11.122244488977955,7.214220106880415
12:23:35,11.062124248496996,7.217301269205064
12:23:36,11.002004008016034,7.2203657314629135
12:23:37,10.94188376753507,7.223413493653962
12:23:38,10.881763527054108,7.226444555778211
12:23:39,10.821643286573146,7.229458917835659
12:23:40,10.761523046092186,7.232456579826308
12:23:41,10.701402805611224,7.235437541750155
12:23:42,10.641282565130261,7.238401803607203
12:23:43,10.581162324649299,7.2413493653974506
12:23:44,10.521042084168336,7.244280227120897
12:23:45,10.460921843687377,7.247194388777543
12:23:46,10.400801603206414,7.250091850367389
12:23:47,10.340681362725451,7.252972611890436
12:23:48,10.280561122244489,7.255836673346681
12:23:49,10.220440881763526,7.2586840347361266
12:23:50,10.160320641282567,7.2615146960587715
12:23:51,10.100200400801604,7.264328657314617
12:23:52,10.040080160320642,7.267125918503662
12:23:53,9.97995991983968,7.269906479625906
12:23:54,9.919839679358716,7.27267034068135
12:23:55,9.859719438877757,7.2754175016699945
12:23:56,9.799599198396795,7.278147962591838
12:23:57,9.739478957915832,7.280861723446882
12:23:58,9.67935871743487,7.283558784235125
12:23:59,9.61923847695391,7.286239144956569
12:24:00,9.559118236472948,7.288902805611211
12:24:01,9.498997995991985,7.291549766199053
12:24:02,9.438877755511022,7.294180026720095
12:24:03,9.37875751503006,7.296793587174337
12:24:04,9.3186372745491,7.299390447561779
12:24:05,9.258517034068138,7.301970607882419
12:24:06,9.198396793587175,7.3045340681362605
12:24:07,9.138276553106213,7.307080828323301
12:24:08,9.07815631262525,7.309610888443542
12:24:09,9.018036072144291,7.312124248496982
12:24:10,8.957915831663328,7.314620908483622
12:24:11,8.897795591182366,7.317100868403461
12:24:12,8.837675350701403,7.319564128256501
12:24:13,8.77755511022044,7.32201068804274
12:24:14,8.717434869739481,7.32444054776218
12:24:15,8.657314629258519,7.326853707414818
12:24:16,8.597194388777556,7.329250167000657
12:24:17,8.537074148296593,7.331629926519695
12:24:18,8.47695390781563,7.333992985971932
12:24:19,8.416833667334672,7.33633934535737
12:24:20,8.356713426853709,7.338669004676007
12:24:21,8.296593186372746,7.3409819639278435
12:24:22,8.236472945891784,7.343278223112881
12:24:23,8.176352705410821,7.345557782231117
12:24:24,8.116232464929862,7.347820641282553
12:24:25,8.0561122244489,7.350066800267189
12:24:26,7.9959919839679365,7.3522962591850245
12:24:27,7.935871743486974,7.35450901803606
12:24:28,7.875751503006011,7.356705076820296
12:24:29,7.815631262525052,7.35888443553773
12:24:30,7.7555110220440895,7.361047094188365
12:24:31,7.695390781563127,7.3631930527722
12:24:32,7.635270541082164,7.365322311289233
12:24:33,7.5751503006012015,7.367434869739468
12:24:34,7.515030060120242,7.369530728122902
12:24:35,7.45490981963928,7.3716098864395345
12:24:36,7.394789579158317,7.373672344689368
12:24:37,7.3346693386773545,7.3757181028723995
12:24:38,7.274549098196395,7.3777471609886325
12:24:39,7.214428857715433,7.379759519038064
12:24:40,7.15430861723447,7.381755177020697
12:24:41,7.094188376753507,7.383734134936528
12:24:42,7.034068136272545,7.38569639278556
12:24:43,6.973947895791586,7.38764195056779
12:24:44,6.913827655310623,7.389570808283222
12:24:45,6.85370741482966,7.391482965931852
12:24:46,6.793587174348698,7.393378423513683
12:24:47,6.733466933867735,7.395257181028713
12:24:48,6.673346693386776,7.397119238476943
12:24:49,6.613226452905813,7.398964595858373
12:24:50,6.553106212424851,7.400793253173002
12:24:51,6.492985971943888,7.402605210420831
12:24:52,6.432865731462925,7.404400467601859
12:24:53,6.372745490981966,7.406179024716088
12:24:54,6.312625250501004,7.4079408817635155
12:24:55,6.252505010020041,7.409686038744144
12:24:56,6.192384769539078,7.411414495657971
12:24:57,6.132264529058116,7.413126252504998
12:24:58,6.072144288577157,7.414821309285226
12:24:59,6.012024048096194,7.416499665998653
12:25:00,5.951903807615231,7.418161322645279
12:25:01,5.891783567134269,7.419806279225106
12:25:02,5.831663326653306,7.421434535738132
12:25:03,5.771543086172347,7.423046092184358
12:25:04,5.711422845691384,7.424640948563783
12:25:05,5.651302605210422,7.426219104876409
12:25:06,5.591182364729459,7.427780561122234
12:25:07,5.531062124248496,7.429325317301258
12:25:08,5.470941883767537,7.430853373413482
12:25:09,5.410821643286575,7.432364729458906
12:25:10,5.350701402805612,7.433859385437531
12:25:11,5.290581162324649,7.435337341349354
12:25:12,5.230460921843687,7.436798597194377
12:25:13,5.1703406813627275,7.4382431529726
12:25:14,5.110220440881765,7.439671008684023
12:25:15,5.050100200400802,7.4410821643286456
12:25:16,4.98997995991984,7.442476619906468
12:25:17,4.9298597194388805,7.44385437541749
12:25:18,4.869739478957918,7.445215430861712
12:25:19,4.809619238476955,7.446559786239133
12:25:20,4.7494989979959925,7.447887441549755
12:25:21,4.68937875751503,7.449198396793576
12:25:22,4.629258517034071,7.450492651970597
12:25:23,4.569138276553108,7.451770207080817
12:25:24,4.5090180360721455,7.453031062124237
12:25:25,4.448897795591183,7.454275217100857
12:25:26,4.38877755511022,7.4555026720106765
12:25:27,4.328657314629261,7.456713426853695
12:25:28,4.268537074148298,7.457907481629914
12:25:29,4.208416833667336,7.459084836339334
12:25:30,4.148296593186373,7.4602454909819516
12:25:31,4.0881763527054105,7.46138944555777
12:25:32,4.028056112224451,7.462516700066788
12:25:33,3.9679358717434887,7.463627254509006
12:25:34,3.907815631262526,7.464721108884423
12:25:35,3.8476953907815634,7.465798263193041
12:25:36,3.7875751503006008,7.4668587174348575
12:25:37,3.7274549098196417,7.467902471609874
12:25:38,3.667334669338679,7.468929525718091
12:25:39,3.6072144288577164,7.469939879759508
12:25:40,3.5470941883767537,7.470933533734123
12:25:41,3.486973947895791,7.471910487641939
12:25:42,3.426853707414832,7.4728707414829545
12:25:43,3.3667334669338693,7.473814295257169
12:25:44,3.3066132264529067,7.474741148964584
12:25:45,3.246492985971944,7.475651302605198
12:25:46,3.1863727454909814,7.476544756179012
12:25:47,3.1262525050100223,7.477421509686026
12:25:48,3.0661322645290596,7.47828156312624
12:25:49,3.006012024048097,7.479124916499654
12:25:50,2.9458917835671343,7.479951569806267
12:25:51,2.8857715430861717,7.4807615230460796
12:25:52,2.8256513026052126,7.481554776219093
12:25:53,2.76553106212425,7.482331329325305
12:25:54,2.7054108216432873,7.483091182364718
12:25:55,2.6452905811623246,7.483834335337329
12:25:56,2.5851703406813655,7.484560788243141
12:25:57,2.525050100200403,7.485270541082152
12:25:58,2.4649298597194402,7.485963593854363
12:25:59,2.4048096192384776,7.486639946559774
12:26:00,2.344689378757515,7.487299599198384
12:26:01,2.284569138276556,7.487942551770195
12:26:02,2.224448897795593,7.4885688042752045
12:26:03,2.1643286573146305,7.489178356713414
12:26:04,2.104208416833668,7.489771209084823
12:26:05,2.0440881763527052,7.490347361389433
12:26:06,1.9839679358717461,7.490906813627242
12:26:07,1.9238476953907835,7.49144956579825
12:26:08,1.8637274549098208,7.491975617902459
12:26:09,1.8036072144288582,7.492484969939867
12:26:10,1.7434869739478955,7.492977621910475
12:26:11,1.6833667334669364,7.493453573814283
12:26:12,1.6232464929859738,7.49391282565129
12:26:13,1.5631262525050111,7.494355377421498
12:26:14,1.5030060120240485,7.4947812291249045
12:26:15,1.4428857715430858,7.495190380761511
12:26:16,1.3827655310621267,7.495582832331317
12:26:17,1.322645290581164,7.495958583834323
12:26:18,1.2625250501002014,7.496317635270529
12:26:19,1.2024048096192388,7.4966599866399335
12:26:20,1.1422845691382761,7.496985637942539
12:26:21,1.082164328657317,7.497294589178344
12:26:22,1.0220440881763544,7.497586840347349
12:26:23,0.9619238476953917,7.497862391449553
12:26:24,0.9018036072144291,7.498121242484958
12:26:25,0.8416833667334664,7.498363393453561
12:26:26,0.7815631262525073,7.498588844355365
12:26:27,0.7214428857715447,7.498797595190368
12:26:28,0.661322645290582,7.498989645958572
12:26:29,0.6012024048096194,7.4991649966599745
12:26:30,0.5410821643286567,7.4993236472945775
12:26:31,0.48096192384769765,7.49946559786238
12:26:32,0.420841683366735,7.499590848363381
12:26:33,0.36072144288577235,7.499699398797583
12:26:34,0.3006012024048097,7.499791249164984
12:26:35,0.2404809619238506,7.499866399465585
12:26:36,0.18036072144288795,7.4999248496993856
12:26:37,0.1202404809619253,7.4999665998663865
12:26:38,0.06012024048096265,7.499991649966587
12:26:39,0.0,7.499999999999988
12:26:40,0.0,7.499999999999988
12:26:41,0.0,7.499999999999988
12:26:42,0.0,7.499999999999988
12:26:43,0.0,7.499999999999988
12:26:44,0.0,7.499999999999988
12:26:45,0.0,7.499999999999988
12:26:46,0.0,7.499999999999988
12:26:47,0.0,7.499999999999988
12:26:48,0.0,7.499999999999988
12:26:49,0.0,7.499999999999988
12:26:50,0.0,7.499999999999988
12:26:51,0.0,7.499999999999988
12:26:52,0.0,7.499999999999988
12:26:53,0.0,7.499999999999988
12:26:54,0.0,7.499999999999988
12:26:55,0.0,7.499999999999988
12:26:56,0.0,7.499999999999988
12:26:57,0.0,7.499999999999988
12:26:58,0.0,7.499999999999988
12:26:59,0.0,7.499999999999988
12:27:00,0.0,7.499999999999988
12:27:01,0.0,7.499999999999988
12:27:02,0.0,7.499999999999988
12:27:03,0.0,7.499999999999988
12:27:04,0.0,7.499999999999988
12:27:05,0.0,7.499999999999988
12:27:06,0.0,7.499999999999988
12:27:07,0.0,7.499999999999988
12:27:08,0.0,7.499999999999988
12:27:09,0.0,7.499999999999988
12:27:10,0.0,7.499999999999988
12:27:11,0.0,7.499999999999988
12:27:12,0.0,7.499999999999988
12:27:13,0.0,7.499999999999988
12:27:14,0.0,7.499999999999988
12:27:15,0.0,7.499999999999988
12:27:16,0.0,7.499999999999988
12:27:17,0.0,7.499999999999988
12:27:18,0.0,7.499999999999988
12:27:19,0.0,7.499999999999988
12:27:20,0.0,7.499999999999988
12:27:21,0.0,7.499999999999988
12:27:22,0.0,7.499999999999988
12:27:23,0.0,7.499999999999988
12:27:24,0.0,7.499999999999988
12:27:25,0.0,7.499999999999988
12:27:26,0.0,7.499999999999988
12:27:27,0.0,7.499999999999988
12:27:28,0.0,7.499999999999988
12:27:29,0.0,7.499999999999988
12:27:30,0.0,7.499999999999988
12:27:31,0.0,7.499999999999988
12:27:32,0.0,7.499999999999988
12:27:33,0.0,7.499999999999988
12:27:34,0.0,7.499999999999988
12:27:35,0.0,7.499999999999988
12:27:36,0.0,7.499999999999988
12:27:37,0.0,7.499999999999988
12:27:38,0.0,7.499999999999988
12:27:39,0.0,7.499999999999988
12:27:40,0.0,7.499999999999988
12:27:41,0.0,7.499999999999988
12:27:42,0.0,7.499999999999988
12:27:43,0.0,7.499999999999988
12:27:44,0.0,7.499999999999988
12:27:45,0.0,7.499999999999988
12:27:46,0.0,7.499999999999988
12:27:47,0.0,7.499999999999988
12:27:48,0.0,7.499999999999988
12:27:49,0.0,7.499999999999988
12:27:50,0.0,7.499999999999988
12:27:51,0.0,7.499999999999988
12:27:52,0.0,7.499999999999988
12:27:53,0.0,7.499999999999988
12:27:54,0.0,7.499999999999988
12:27:55,0.0,7.499999999999988
12:27:56,0.0,7.499999999999988
12:27:57,0.0,7.499999999999988
12:27:58,0.0,7.499999999999988
12:27:59,0.0,7.499999999999988
12:28:00,0.0,7.499999999999988
12:28:01,0.0,7.499999999999988
12:28:02,0.0,7.499999999999988
12:28:03,0.0,7.499999999999988
12:28:04,0.0,7.499999999999988
12:28:05,0.0,7.499999999999988
12:28:06,0.0,7.499999999999988
12:28:07,0.0,7.499999999999988
12:28:08,0.0,7.499999999999988
12:28:09,0.0,7.499999999999988
12:28:10,0.0,7.499999999999988
12:28:11,0.0,7.499999999999988
12:28:12,0.0,7.499999999999988
12:28:13,0.0,7.499999999999988
12:28:14,0.0,7.499999999999988
12:28:15,0.0,7.499999999999988
12:28:16,0.0,7.499999999999988
12:28:17,0.0,7.499999999999988
12:28:18,0.0,7.499999999999988
12:28:19,0.0,7.499999999999988
12:28:20,0.0,7.499999999999988
12:28:21,0.0,7.499999999999988
12:28:22,0.0,7.499999999999988
12:28:23,0.0,7.499999999999988
12:28:24,0.0,7.499999999999988
12:28:25,0.0,7.499999999999988
12:28:26,0.0,7.499999999999988
12:28:27,0.0,7.499999999999988
12:28:28,0.0,7.499999999999988
12:28:29,0.0,7.499999999999988
12:28:30,0.0,7.499999999999988
12:28:31,0.0,7.499999999999988
12:28:32,0.0,7.499999999999988
12:28:33,0.0,7.499999999999988
12:28:34,0.0,7.499999999999988
12:28:35,0.0,7.499999999999988
12:28:36,0.0,7.499999999999988
12:28:37,0.0,7.499999999999988
12:28:38,0.0,7.499999999999988
12:28:39,0.0,7.499999999999988
12:28:40,0.0,7.499999999999988
12:28:41,0.0,7.499999999999988
12:28:42,0.0,7.499999999999988
12:28:43,0.0,7.499999999999988
12:28:44,0.0,7.499999999999988
12:28:45,0.0,7.499999999999988
12:28:46,0.0,7.499999999999988
12:28:47,0.0,7.499999999999988
12:28:48,0.0,7.499999999999988
12:28:49,0.0,7.499999999999988
12:28:50,0.0,7.499999999999988
12:28:51,0.0,7.499999999999988
12:28:52,0.0,7.499999999999988
12:28:53,0.0,7.499999999999988
12:28:54,0.0,7.499999999999988
12:28:55,0.0,7.499999999999988
12:28:56,0.0,7.499999999999988
12:28:57,0.0,7.499999999999988
12:28:58,0.0,7.499999999999988
12:28:59,0.0,7.499999999999988
12:29:00,0.0,7.499999999999988
12:29:01,0.0,7.499999999999988
12:29:02,0.0,7.499999999999988
12:29:03,0.0,7.499999999999988
12:29:04,0.0,7.499999999999988
12:29:05,0.0,7.499999999999988
12:29:06,0.0,7.499999999999988
12:29:07,0.0,7.499999999999988
12:29:08,0.0,7.499999999999988
12:29:09,0.0,7.499999999999988
12:29:10,0.0,7.499999999999988
12:29:11,0.0,7.499999999999988
12:29:12,0.0,7.499999999999988
12:29:13,0.0,7.499999999999988
12:29:14,0.0,7.499999999999988
12:29:15,0.0,7.499999999999988
12:29:16,0.0,7.499999999999988
12:29:17,0.0,7.499999999999988
12:29:18,0.0,7.499999999999988
12:29:19,0.0,7.499999999999988
12:29:20,0.0,7.499999999999988
12:29:21,0.0,7.499999999999988
12:29:22,0.0,7.499999999999988
12:29:23,0.0,7.499999999999988
12:29:24,0.0,7.499999999999988
12:29:25,0.0,7.499999999999988
12:29:26,0.0,7.499999999999988
12:29:27,0.0,7.499999999999988
12:29:28,0.0,7.499999999999988
12:29:29,0.0,7.499999999999988
12:29:30,0.0,7.499999999999988
12:29:31,0.0,7.499999999999988
12:29:32,0.0,7.499999999999988
12:29:33,0.0,7.499999999999988
12:29:34,0.0,7.499999999999988
12:29:35,0.0,7.499999999999988
12:29:36,0.0,7.499999999999988
12:29:37,0.0,7.499999999999988
12:29:38,0.0,7.499999999999988
12:29:39,0.0,7.499999999999988
12:29:40,0.0,7.499999999999988
12:29:41,0.0,7.499999999999988
12:29:42,0.0,7.499999999999988
12:29:43,0.0,7.499999999999988
12:29:44,0.0,7.499999999999988
12:29:45,0.0,7.499999999999988
12:29:46,0.0,7.499999999999988
12:29:47,0.0,7.499999999999988
12:29:48,0.0,7.499999999999988
12:29:49,0.0,7.499999999999988
12:29:50,0.0,7.499999999999988
12:29:51,0.0,7.499999999999988
12:29:52,0.0,7.499999999999988
12:29:53,0.0,7.499999999999988
12:29:54,0.0,7.499999999999988
12:29:55,0.0,7.499999999999988
12:29:56,0.0,7.499999999999988
12:29:57,0.0,7.499999999999988
12:29:58,0.0,7.499999999999988
12:29:59,0.0,7.499999999999988
