tempo_hh:mm:ss,velocidade_Instantanea_kmh,velocidade_Media_kmh,distancia_km
11:51:20,1.1422845691382766,1.1122244488977944,0.003014362057448229
11:51:20,1.2024048096192383,1.1422845691382761,0.0033400133600534395
11:51:20,1.2625250501002003,1.172344689378757,0.003682364729458917
11:51:20,1.3226452905811623,1.202404809619238,0.004041416165664662
11:51:20,1.3827655310621243,1.2324649298597186,0.004417167668670673
11:51:20,1.442885771543086,1.2625250501001999,0.004809619238476953
11:51:20,1.503006012024048,1.2925851703406808,0.005218770875083499
11:51:21,1.56312625250501,1.3226452905811619,0.005644622578490312
11:51:21,1.6232464929859718,1.352705410821643,0.006087174348697394
11:51:21,1.6833667334669338,1.3827655310621239,0.006546426185704742
11:51:21,1.7434869739478958,1.4128256513026047,0.007022378089512357
11:51:21,1.8036072144288577,1.4428857715430858,0.007515030060120239
11:51:21,1.8637274549098195,1.4729458917835665,0.008024382097528388
11:51:21,1.9238476953907815,1.5030060120240472,0.008550434201736803
11:51:21,1.9839679358717435,1.5330661322645285,0.009093186372745489
11:51:21,2.0440881763527052,1.5631262525050096,0.00965263861055444
11:51:21,2.1042084168336674,1.5931863727454905,0.010228790915163658
11:51:21,2.164328657314629,1.6232464929859716,0.010821643286573144
11:51:21,2.224448897795591,1.653306613226452,0.011431195724782895
11:51:21,2.284569138276553,1.683366733466933,0.012057448229792916
11:51:21,2.344689378757515,1.7134268537074142,0.012700400801603203
11:51:21,2.4048096192384767,1.7434869739478953,0.013360053440213758
11:51:21,2.464929859719439,1.773547094188376,0.014036406145624578
11:51:21,2.5250501002004007,1.803607214428857,0.014729458917835668
11:51:21,2.5851703406813624,1.833667334669338,0.015439211756847024
11:51:21,2.6452905811623246,1.8637274549098195,0.01616566466265865
11:51:21,2.7054108216432864,1.8937875751503004,0.01690881763527054
11:51:21,2.7655310621242486,1.9238476953907815,0.0176686706746827
11:51:21,2.8256513026052104,1.9539078156312626,0.018445223780895123
11:51:21,2.885771543086172,1.9839679358717435,0.019238476953907815
11:51:21,2.9458917835671343,2.014028056112224,0.02004843019372077
11:51:21,3.006012024048096,2.0440881763527052,0.020875083500334
11:51:21,3.066132264529058,2.074148296593186,0.02171843687374749
11:51:21,3.12625250501002,2.104208416833667,0.022578490313961253
11:51:21,3.186372745490982,2.1342685370741483,0.023455243820975285
11:51:21,3.2464929859719436,2.164328657314629,0.02434869739478958
11:51:21,3.306613226452906,2.19438877755511,0.02525885103540414
11:51:21,3.3667334669338675,2.224448897795591,0.02618570474281897
11:51:21,3.4268537074148293,2.2545090180360723,0.027129258517034068
11:51:21,3.4869739478957915,2.284569138276553,0.028089512358049434
11:51:21,3.5470941883767533,2.3146292585170336,0.029066466265865062
11:51:21,3.6072144288577155,2.344689378757515,0.030060120240480964
11:51:21,3.6673346693386772,2.374749498997996,0.031070474281897128
11:51:21,3.727454909819639,2.4048096192384767,0.03209752839011356
11:51:21,3.787575150300601,2.434869739478958,0.03314128256513026
11:51:21,3.847695390781563,2.464929859719439,0.03420173680694723
11:51:21,3.9078156312625247,2.49498997995992,0.03527889111556446
11:51:21,3.967935871743487,2.5250501002004007,0.03637274549098196
11:51:21,4.028056112224449,2.5551102204408815,0.03748329993319973
11:51:21,4.0881763527054105,2.5851703406813624,0.03861055444221777
11:51:21,4.148296593186372,2.6152304609218437,0.03975450901803607
11:51:21,4.208416833667335,2.645290581162324,0.04091516366065464
11:51:21,4.268537074148297,2.6753507014028055,0.04209251837007348
11:51:21,4.328657314629258,2.7054108216432864,0.043286573146292584
11:51:21,4.38877755511022,2.7354709418837673,0.044497327989311955
11:51:21,4.448897795591182,2.765531062124248,0.045724782899131594
11:51:21,4.509018036072144,2.795591182364729,0.0469689378757515
11:51:21,4.569138276553106,2.82565130260521,0.04822979291917167
11:51:21,4.629258517034068,2.8557114228456917,0.04950734802939211
11:51:21,4.68937875751503,2.8857715430861726,0.05080160320641282
11:51:21,4.749498997995992,2.915831663326654,0.0521125584502338
11:51:21,4.809619238476953,2.945891783567135,0.05344021376085504
11:51:21,4.869739478957916,2.9759519038076165,0.05478456913827655
11:51:21,4.929859719438878,3.0060120240480974,0.05614562458249832
11:51:21,4.98997995991984,3.0360721442885787,0.057523380093520364
11:51:21,5.050100200400801,3.06613226452906,0.05891783567134268
11:51:21,5.110220440881763,3.096192384769541,0.06032899131596525
11:51:21,5.170340681362725,3.1262525050100223,0.061756847027388095
11:51:21,5.2304609218436875,3.156312625250503,0.0632014028056112
11:51:22,5.290581162324649,3.1863727454909845,0.06466265865063459
11:51:22,5.350701402805611,3.216432865731465,0.06614061456245822
11:51:22,5.410821643286573,3.2464929859719462,0.06763527054108213
11:51:22,5.4709418837675345,3.2765531062124276,0.06914662658650632
11:51:22,5.531062124248497,3.3066132264529084,0.07067468269873076
11:51:22,5.591182364729459,3.3366733466933898,0.07221943887775548
11:51:22,5.651302605210421,3.366733466933871,0.07378089512358046
11:51:22,5.7114228456913825,3.396793587174353,0.07535905143620572
11:51:22,5.771543086172344,3.426853707414834,0.07695390781563125
11:51:22,5.831663326653306,3.456913827655316,0.07856546426185704
11:51:22,5.891783567134269,3.486973947895796,0.08019372077488307
11:51:22,5.95190380761523,3.5170340681362773,0.08183867735470939
11:51:22,6.012024048096192,3.547094188376758,0.08350033400133597
11:51:22,6.072144288577154,3.5771543086172395,0.08517869071476282
11:51:22,6.132264529058116,3.6072144288577204,0.08687374749498994
11:51:22,6.192384769539078,3.6372745490982017,0.08858550434201733
11:51:22,6.25250501002004,3.667334669338683,0.09031396125584498
11:51:22,6.312625250501002,3.6973947895791643,0.0920591182364729
11:51:22,6.372745490981964,3.727454909819646,0.09382097528390111
11:51:22,6.432865731462925,3.7575150300601274,0.09559953239812957
11:51:22,6.492985971943887,3.7875751503006088,0.0973947895791583
11:51:22,6.55310621242485,3.8176352705410896,0.09920674682698728
11:51:22,6.613226452905812,3.8476953907815705,0.10103540414161653
11:51:22,6.673346693386773,3.877755511022052,0.10288076152304607
11:51:22,6.733466933867735,3.9078156312625327,0.10474281897127585
11:51:22,6.793587174348697,3.937875751503014,0.10662157648630591
11:51:22,6.853707414829659,3.9679358717434954,0.10851703406813624
11:51:22,6.913827655310621,3.9979959919839767,0.11042919171676684
11:51:22,6.973947895791583,4.0280561122244585,0.11235804943219771
11:51:22,7.034068136272545,4.058116232464939,0.11430360721442884
11:51:22,7.0941883767535066,4.08817635270542,0.11626586506346023
11:51:22,7.154308617234468,4.118236472945902,0.1182448229792919
11:51:22,7.214428857715431,4.148296593186383,0.12024048096192383
11:51:22,7.274549098196393,4.178356713426863,0.12225283901135602
11:51:22,7.3346693386773545,4.208416833667345,0.12428189712758848
11:51:22,7.394789579158316,4.238476953907826,0.1263276553106212
11:51:22,7.454909819639278,4.268537074148308,0.1283901135604542
11:51:22,7.51503006012024,4.298597194388789,0.13046927187708746
11:51:22,7.575150300601202,4.32865731462927,0.132565130260521
11:51:22,7.635270541082164,4.35871743486975,0.13467768871075478
11:51:22,7.695390781563126,4.388777555110231,0.13680694722778883
11:51:22,7.755511022044088,4.418837675350712,0.13895290581162317
11:51:22,7.8156312625250495,4.448897795591193,0.14111556446225776
11:51:22,7.875751503006012,4.478957915831674,0.14329492317969264
11:51:22,7.935871743486974,4.509018036072154,0.14549098196392776
11:51:22,7.995991983967936,4.539078156312636,0.14770374081496318
11:51:22,8.056112224448897,4.569138276553116,0.14993319973279884
11:51:22,8.11623246492986,4.5991983967935965,0.1521793587174348
11:51:22,8.176352705410821,4.629258517034077,0.154442217768871
11:51:22,8.236472945891784,4.659318637274558,0.15672177688710748
11:51:22,8.296593186372744,4.689378757515039,0.1590180360721442
11:51:22,8.356713426853707,4.71943887775552,0.16133099532398124
11:51:22,8.41683366733467,4.7494989979960005,0.1636606546426185
11:51:22,8.47695390781563,4.779559118236482,0.16600701402805607
11:51:22,8.537074148296593,4.809619238476962,0.16837007348029387
11:51:22,8.597194388777554,4.839679358717444,0.17074983299933197
11:51:22,8.657314629258517,4.869739478957925,0.17314629258517034
11:51:22,8.71743486973948,4.899799599198405,0.17555945223780892
11:51:22,8.77755511022044,4.929859719438886,0.1779893119572478
11:51:23,8.837675350701403,4.959919839679366,0.18043587174348694
11:51:23,8.897795591182364,4.989979959919847,0.18289913159652632
11:51:23,8.957915831663327,5.020040080160327,0.185379091516366
11:51:23,9.018036072144287,5.0501002004008075,0.18787575150300595
11:51:23,9.07815631262525,5.080160320641289,0.19038911155644617
11:51:23,9.138276553106213,5.110220440881768,0.19291917167668662
11:51:23,9.198396793587174,5.14028056112225,0.19546593186372738
11:51:23,9.258517034068136,5.17034068136273,0.1980293921175684
11:51:23,9.318637274549097,5.2004008016032115,0.2006095524382097
11:51:23,9.37875751503006,5.230460921843692,0.20320641282565122
11:51:23,9.438877755511022,5.260521042084172,0.20581997327989304
11:51:23,9.498997995991983,5.290581162324654,0.20845023380093514
11:51:23,9.559118236472946,5.320641282565134,0.2110971943887775
11:51:23,9.619238476953907,5.3507014028056155,0.21376085504342013
11:51:23,9.67935871743487,5.380761523046097,0.21644121576486303
11:51:23,9.739478957915832,5.410821643286577,0.2191382765531062
11:51:23,9.799599198396793,5.440881763527058,0.2218520374081496
11:51:23,9.859719438877756,5.470941883767539,0.2245824983299933
11:51:23,9.919839679358716,5.501002004008019,0.22732965931863724
11:51:23,9.97995991983968,5.5310621242485,0.23009352037408146
11:51:23,10.040080160320642,5.56112224448898,0.23287408149632594
11:51:23,10.100200400801603,5.591182364729461,0.23567134268537068
11:51:23,10.160320641282565,5.621242484969941,0.2384853039412157
11:51:23,10.220440881763526,5.6513026052104225,0.24131596526386098
11:51:23,10.280561122244489,5.681362725450903,0.24416332665330653
11:51:23,10.34068136272545,5.711422845691383,0.24702738810955235
11:51:23,10.400801603206412,5.741482965931864,0.24990814963259844
11:51:23,10.460921843687375,5.771543086172345,0.2528056112224448
11:51:23,10.521042084168336,5.801603206412826,0.2557197728790914
11:51:23,10.581162324649299,5.831663326653307,0.25865063460253834
11:51:23,10.64128256513026,5.861723446893786,0.2615981963927855
11:51:23,10.701402805611222,5.891783567134267,0.2645624582498329
11:51:23,10.761523046092185,5.921843687374748,0.2675434201736806
11:51:23,10.821643286573146,5.951903807615229,0.27054108216432854
11:51:23,10.881763527054108,5.98196392785571,0.2735554442217768
11:51:23,10.941883767535069,6.01202404809619,0.2765865063460253
11:51:23,11.002004008016032,6.04208416833667,0.279634268537074
11:51:23,11.062124248496994,6.07214428857715,0.282698730794923
11:51:23,11.122244488977955,6.102204408817632,0.28577989311957236
11:51:23,11.182364729458918,6.132264529058112,0.2888777555110219
11:51:23,11.242484969939879,6.1623246492985935,0.2919923179692718
11:51:23,11.302605210420841,6.192384769539074,0.29512358049432186
11:51:23,11.362725450901802,6.222444889779556,0.29827154308617226
11:51:23,11.422845691382765,6.252505010020037,0.3014362057448229
11:51:23,11.482965931863728,6.282565130260517,0.30461756847027377
11:51:23,11.543086172344688,6.312625250500998,0.307815631262525
11:51:23,11.603206412825651,6.342685370741479,0.3110303941215764
11:51:23,11.663326653306612,6.37274549098196,0.31426185704742815
11:51:23,11.723446893787575,6.4028056112224405,0.3175100200400801
11:51:23,11.783567134268537,6.432865731462922,0.32077488309953234
11:51:23,11.843687374749498,6.462925851703402,0.32405644622578483
11:51:23,11.90380761523046,6.492985971943883,0.3273547094188376
11:51:23,11.963927855711422,6.523046092184363,0.33066967267869063
11:51:23,12.024048096192384,6.553106212424844,0.33400133600534393
11:51:23,12.084168336673347,6.583166332665324,0.3373496993987975
11:51:23,12.144288577154308,6.613226452905805,0.34071476285905133
11:51:23,12.20440881763527,6.643286573146286,0.34409652638610544
11:51:23,12.264529058116231,6.673346693386766,0.3474949899799598
11:51:23,12.324649298597194,6.7034068136272476,0.35091015364061445
11:51:23,12.384769539078157,6.733466933867728,0.35434201736806936
11:51:23,12.444889779559118,6.763527054108208,0.35779058116232454
11:51:23,12.50501002004008,6.79358717434869,0.36125584502338
11:51:24,12.565130260521041,6.82364729458917,0.3647378089512357
11:51:24,12.625250501002004,6.853707414829651,0.3682364729458917
11:51:24,12.685370741482965,6.883767535070132,0.37175183700734793
11:51:24,12.745490981963927,6.913827655310613,0.3752839011356045
11:51:24,12.80561122244489,6.943887775551094,0.37883266533066123
11:51:24,12.86573146292585,6.973947895791575,0.38239812959251834
11:51:24,12.925851703406813,7.004008016032056,0.38598029392117567
11:51:24,12.985971943887774,7.034068136272536,0.3895791583166332
11:51:24,13.046092184368737,7.064128256513017,0.39319472277889106
11:51:24,13.1062124248497,7.094188376753497,0.39682698730794913
11:51:24,13.16633266533066,7.124248496993978,0.4004759519038075
11:51:24,13.226452905811623,7.154308617234458,0.40414161656646613
11:51:24,13.286573146292584,7.184368737474939,0.40782398129592506
11:51:24,13.346693386773547,7.21442885771542,0.41152304609218426
11:51:24,13.40681362725451,7.244488977955901,0.41523881095524373
11:51:24,13.46693386773547,7.274549098196381,0.4189712758851034
11:51:24,13.527054108216433,7.304609218436862,0.4227204408817634
11:51:24,13.587174348697394,7.334669338677342,0.42648630594522363
11:51:24,13.647294589178356,7.364729458917823,0.43026887107548417
11:51:24,13.707414829659317,7.394789579158305,0.434068136272545
11:51:24,13.76753507014028,7.424849699398785,0.43788410153640606
11:51:24,13.827655310621243,7.454909819639266,0.44171676686706735
11:51:24,13.887775551102203,7.484969939879747,0.44556613226452896
11:51:24,13.947895791583166,7.515030060120228,0.44943219772879084
11:51:24,14.008016032064127,7.545090180360708,0.45331496325985293
11:51:24,14.06813627254509,7.575150300601189,0.45721442885771535
11:51:24,14.128256513026052,7.60521042084167,0.46113059452237803
11:51:24,14.188376753507013,7.635270541082151,0.46506346025384093
11:51:24,14.248496993987976,7.665330661322631,0.4690130260521041
11:51:24,14.308617234468937,7.695390781563113,0.4729792919171676
11:51:24,14.3687374749499,7.725450901803593,0.4769622578490313
11:51:24,14.428857715430862,7.7555110220440735,0.4809619238476953
11:51:24,14.488977955911823,7.785571142284554,0.48497828991315955
11:51:24,14.549098196392785,7.815631262525034,0.48901135604542406
11:51:24,14.609218436873746,7.845691382765515,0.49306112224448884
11:51:24,14.669338677354709,7.875751503005996,0.49712758851035393
11:51:24,14.729458917835672,7.905811623246477,0.5012107548430192
11:51:24,14.789579158316633,7.935871743486956,0.5053106212424848
11:51:24,14.849699398797595,7.9659318637274374,0.5094271877087507
11:51:24,14.909819639278556,7.995991983967918,0.5135604542418168
11:51:24,14.969939879759519,8.0260521042084,0.5177104208416833
11:51:24,15.03006012024048,8.056112224448878,0.5218770875083498
11:51:24,15.090180360721442,8.08617234468936,0.5260604542418168
11:51:24,15.150300601202405,8.116232464929842,0.5302605210420841
11:51:24,15.210420841683366,8.146292585170322,0.5344772879091515
11:51:24,15.270541082164328,8.176352705410803,0.5387107548430192
11:51:24,15.33066132264529,8.206412825651284,0.5429609218436873
11:51:24,15.390781563126252,8.236472945891764,0.5472277889111555
11:51:24,15.450901803607215,8.266533066132245,0.5515113560454241
11:51:24,15.511022044088175,8.296593186372727,0.5558116232464929
11:51:24,15.571142284569138,8.326653306613206,0.5601285905143619
11:51:24,15.631262525050099,8.356713426853688,0.5644622578490313
11:51:24,15.691382765531062,8.386773547094169,0.5688126252505009
11:51:24,15.751503006012024,8.41683366733465,0.5731796927187708
11:51:24,15.811623246492985,8.44689378757513,0.5775634602538409
11:51:24,15.871743486973948,8.47695390781561,0.5819639278557113
11:51:24,15.931863727454909,8.507014028056092,0.586381095524382
11:51:24,15.991983967935871,8.537074148296572,0.5908149632598529
11:51:24,16.052104208416832,8.567134268537052,0.5952655310621241
11:51:24,16.112224448897795,8.597194388777533,0.5997327989311956
11:51:24,16.172344689378757,8.627254509018014,0.6042167668670674
11:51:24,16.23246492985972,8.657314629258495,0.6087174348697394
11:51:24,16.29258517034068,8.687374749498975,0.6132348029392116
11:51:24,16.352705410821642,8.717434869739456,0.6177688710754842
11:51:25,16.412825651302605,8.747494989979938,0.622319639278557
11:51:25,16.472945891783567,8.777555110220419,0.6268871075484301
11:51:25,16.53306613226453,8.807615230460899,0.6314712758851034
11:51:25,16.59318637274549,8.83767535070138,0.6360721442885771
11:51:25,16.65330661322645,8.867735470941861,0.640689712758851
11:51:25,16.713426853707414,8.897795591182343,0.6453239812959252
11:51:25,16.773547094188377,8.927855711422822,0.6499749498997995
11:51:25,16.83366733466934,8.957915831663302,0.6546426185704741
11:51:25,16.8937875751503,8.987975951903783,0.6593269873079491
11:51:25,16.95390781563126,9.018036072144264,0.6640280561122244
11:51:25,17.014028056112224,9.048096192384746,0.6687458249832998
11:51:25,17.074148296593187,9.078156312625225,0.6734802939211755
11:51:25,17.13426853707415,9.108216432865706,0.6782314629258516
11:51:25,17.19438877755511,9.138276553106188,0.6829993319973279
11:51:25,17.25450901803607,9.168336673346667,0.6877839011356044
11:51:25,17.314629258517034,9.198396793587149,0.6925851703406812
11:51:25,17.374749498997996,9.228456913827628,0.6974031396125583
11:51:25,17.43486973947896,9.25851703406811,0.7022378089512357
11:51:25,17.494989979959918,9.288577154308593,0.7070891783567134
11:51:25,17.55511022044088,9.318637274549072,0.7119572478289912
11:51:25,17.615230460921843,9.348697394789554,0.7168420173680694
11:51:25,17.675350701402806,9.378757515030035,0.7217434869739479
11:51:25,17.73547094188377,9.408817635270514,0.7266616566466265
11:51:25,17.795591182364728,9.438877755510994,0.7315965263861054
11:51:25,17.85571142284569,9.468937875751477,0.7365480961923847
11:51:25,17.915831663326653,9.498997995991957,0.7415163660654642
11:51:25,17.975951903807616,9.529058116232438,0.746501336005344
11:51:25,18.036072144288575,9.55911823647292,0.751503006012024
11:51:25,18.096192384769537,9.589178356713399,0.7565213760855043
11:51:25,18.1563126252505,9.61923847695388,0.7615564462257849
11:51:25,18.216432865731463,9.649298597194361,0.7666082164328657
11:51:25,18.276553106212425,9.679358717434841,0.7716766867067467
11:51:25,18.336673346693384,9.709418837675322,0.7767618570474281
11:51:25,18.396793587174347,9.739478957915804,0.7818637274549097
11:51:25,18.45691382765531,9.769539078156283,0.7869822979291916
11:51:25,18.517034068136272,9.799599198396765,0.7921175684702738
11:51:25,18.577154308617235,9.829659318637246,0.7972695390781562
11:51:25,18.637274549098194,9.859719438877727,0.802438209752839
11:51:25,18.697394789579157,9.889779559118207,0.8076235804943219
11:51:25,18.75751503006012,9.919839679358686,0.8128256513026051
11:51:25,18.817635270541082,9.949899799599168,0.8180444221776886
11:51:25,18.877755511022045,9.979959919839649,0.8232798931195724
11:51:25,18.937875751503004,10.01002004008013,0.8285320641282565
11:51:25,18.997995991983966,10.040080160320612,0.8338009352037408
11:51:25,19.05811623246493,10.070140280561091,0.8390865063460253
11:51:25,19.118236472945892,10.100200400801572,0.8443887775551102
11:51:25,19.178356713426854,10.130260521042054,0.8497077488309953
11:51:25,19.238476953907814,10.160320641282535,0.8550434201736807
11:51:25,19.298597194388776,10.190380761523016,0.8603957915831664
11:51:25,19.35871743486974,10.220440881763496,0.8657648630594522
11:51:25,19.4188376753507,10.250501002003977,0.8711506346025384
11:51:25,19.478957915831664,10.280561122244459,0.8765531062124249
11:51:25,19.539078156312623,10.310621242484938,0.8819722778891115
11:51:25,19.599198396793586,10.340681362725418,0.8874081496325984
11:51:25,19.65931863727455,10.370741482965899,0.8928607214428858
11:51:25,19.71943887775551,10.40080160320638,0.8983299933199732
11:51:25,19.779559118236474,10.43086172344686,0.903815965263861
11:51:25,19.839679358717433,10.460921843687341,0.909318637274549
11:51:25,19.899799599198396,10.490981963927823,0.9148380093520374
11:51:25,19.95991983967936,10.521042084168304,0.9203740814963259
11:51:25,20.02004008016032,10.551102204408783,0.9259268537074148
11:51:25,20.080160320641284,10.581162324649265,0.9314963259853039
11:51:25,20.140280561122243,10.611222444889746,0.9370824983299934
11:51:25,20.200400801603205,10.641282565130226,0.942685370741483
11:51:26,20.260521042084168,10.671342685370707,0.9483049432197729
11:51:26,20.32064128256513,10.701402805611188,0.953941215764863
11:51:26,20.38076152304609,10.731462925851668,0.9595941883767535
11:51:26,20.440881763527052,10.76152304609215,0.9652638610554442
11:51:26,20.501002004008015,10.79158316633263,0.9709502338009351
11:51:26,20.561122244488978,10.82164328657311,0.9766533066132264
11:51:26,20.62124248496994,10.851703406813591,0.9823730794923179
11:51:26,20.6813627254509,10.881763527054071,0.9881095524382096
11:51:26,20.741482965931862,10.911823647294552,0.9938627254509017
11:51:26,20.801603206412825,10.941883767535034,0.999632598530394
11:51:26,20.861723446893787,10.971943887775513,1.0054191716766865
11:51:26,20.92184368737475,11.002004008015996,1.0112224448897795
11:51:26,20.98196392785571,11.032064128256476,1.0170424181696727
11:51:26,21.04208416833667,11.062124248496955,1.022879091516366
11:51:26,21.102204408817634,11.092184368737435,1.0287324649298595
11:51:26,21.162324649298597,11.122244488977918,1.0346025384101536
11:51:26,21.22244488977956,11.1523046092184,1.0404893119572478
11:51:26,21.28256513026052,11.182364729458879,1.0463927855711421
11:51:26,21.34268537074148,11.21242484969936,1.052312959251837
11:51:26,21.402805611222444,11.24248496993984,1.0582498329993317
11:51:26,21.462925851703407,11.27254509018032,1.064203406813627
11:51:26,21.52304609218437,11.302605210420802,1.0701736806947226
11:51:26,21.58316633266533,11.332665330661284,1.0761606546426186
11:51:26,21.64328657314629,11.362725450901765,1.0821643286573146
11:51:26,21.703406813627254,11.392785571142246,1.088184702738811
11:51:26,21.763527054108216,11.422845691382728,1.0942217768871076
11:51:26,21.82364729458918,11.452905811623207,1.1002755511022044
11:51:26,21.883767535070138,11.482965931863689,1.1063460253841015
11:51:26,21.9438877755511,11.513026052104166,1.1124331997327987
11:51:26,22.004008016032063,11.543086172344646,1.1185370741482963
11:51:26,22.064128256513026,11.573146292585129,1.1246576486305944
11:51:26,22.12424849699399,11.603206412825612,1.1307949231796928
11:51:26,22.184368737474948,11.633266533066093,1.1369488977955913
11:51:26,22.24448897795591,11.663326653306573,1.1431195724782899
11:51:26,22.304609218436873,11.693386773547052,1.1493069472277888
11:51:26,22.364729458917836,11.723446893787532,1.155511022044088
11:51:26,22.4248496993988,11.753507014028013,1.1617317969271876
11:51:26,22.484969939879758,11.783567134268493,1.1679692718770873
11:51:26,22.54509018036072,11.813627254508976,1.1742234468937875
11:51:26,22.605210420841683,11.843687374749457,1.1804943219772879
11:51:26,22.665330661322646,11.873747494989939,1.1867818971275885
11:51:26,22.725450901803605,11.90380761523042,1.1930861723446895
11:51:26,22.785571142284567,11.9338677354709,1.1994071476285906
11:51:26,22.84569138276553,11.96392785571138,1.205744822979292
11:51:26,22.905811623246493,11.99398797595186,1.2120991983967935
11:51:26,22.965931863727455,12.02404809619234,1.2184702738810953
11:51:26,23.026052104208414,12.05410821643282,1.2248580494321974
11:51:26,23.086172344689377,12.084168336673303,1.2312625250501001
11:51:26,23.14629258517034,12.114228456913784,1.237683700734803
11:51:26,23.206412825651302,12.144288577154263,1.2441215764863058
11:51:26,23.266533066132265,12.174348697394747,1.2505761523046093
11:51:26,23.326653306613224,12.204408817635226,1.2570474281897128
11:51:26,23.386773547094187,12.234468937875706,1.2635354041416165
11:51:26,23.44689378757515,12.264529058116185,1.2700400801603204
11:51:26,23.507014028056112,12.294589178356667,1.2765614562458247
11:51:26,23.567134268537075,12.324649298597146,1.2830995323981293
11:51:26,23.627254509018034,12.354709418837627,1.2896543086172343
11:51:26,23.687374749498996,12.38476953907811,1.2962257849031396
11:51:26,23.74749498997996,12.41482965931859,1.302813961255845
11:51:26,23.80761523046092,12.444889779559071,1.3094188376753506
11:51:26,23.867735470941884,12.474949899799553,1.3160404141616566
11:51:26,23.927855711422843,12.505010020040032,1.3226786907147627
11:51:26,23.987975951903806,12.535070140280514,1.3293336673346692
11:51:26,24.04809619238477,12.565130260520993,1.336005344021376
11:51:27,24.10821643286573,12.595190380761476,1.342693720774883
11:51:27,24.168336673346694,12.625250501001958,1.3493987975951904
11:51:27,24.228456913827653,12.655310621242437,1.356120574482298
11:51:27,24.288577154308616,12.685370741482918,1.3628590514362058
11:51:27,24.34869739478958,12.7154308617234,1.369614228456914
11:51:27,24.40881763527054,12.74549098196388,1.3763861055444222
11:51:27,24.468937875751504,12.77555110220436,1.3831746826987308
11:51:27,24.529058116232463,12.80561122244484,1.3899799599198395
11:51:27,24.589178356713425,12.835671342685322,1.3968019372077487
11:51:27,24.649298597194388,12.865731462925803,1.4036406145624583
11:51:27,24.70941883767535,12.895791583166284,1.410495991983968
11:51:27,24.769539078156313,12.925851703406764,1.417368069472278
11:51:27,24.829659318637272,12.955911823647247,1.4242568470273882
11:51:27,24.889779559118235,12.985971943887726,1.4311623246492986
11:51:27,24.949899799599198,13.016032064128206,1.4380845023380093
11:51:27,25.01002004008016,13.046092184368685,1.4450233800935202
11:51:27,25.07014028056112,13.076152304609167,1.4519789579158315
11:51:27,25.130260521042082,13.10621242484965,1.4589512358049432
11:51:27,25.190380761523045,13.136272545090131,1.4659402137608553
11:51:27,25.250501002004007,13.166332665330613,1.4729458917835674
11:51:27,25.31062124248497,13.196392785571092,1.4799682698730796
11:51:27,25.37074148296593,13.226452905811572,1.4870073480293922
11:51:27,25.430861723446892,13.256513026052053,1.494063126252505
11:51:27,25.490981963927855,13.286573146292534,1.5011356045424182
11:51:27,25.551102204408817,13.316633266533014,1.5082247828991315
11:51:27,25.61122244488978,13.346693386773493,1.5153306613226452
11:51:27,25.67134268537074,13.376753507013976,1.5224532398129593
11:51:27,25.7314629258517,13.406813627254458,1.5295925183700736
11:51:27,25.791583166332664,13.436873747494937,1.536748496993988
11:51:27,25.851703406813627,13.466933867735419,1.5439211756847029
11:51:27,25.91182364729459,13.496993987975898,1.5511105544422177
11:51:27,25.97194388777555,13.52705410821638,1.558316633266533
11:51:27,26.03206412825651,13.557114228456859,1.5655394121576485
11:51:27,26.092184368737474,13.58717434869734,1.5727788911155645
11:51:27,26.152304609218437,13.617234468937822,1.5800350701402806
11:51:27,26.2124248496994,13.647294589178303,1.587307949231797
11:51:27,26.27254509018036,13.677354709418784,1.5945975283901137
11:51:27,26.33266533066132,13.707414829659266,1.6019038076152305
11:51:27,26.392785571142284,13.737474949899745,1.6092267869071477
11:51:27,26.452905811623246,13.767535070140225,1.616566466265865
11:51:27,26.51302605210421,13.797595190380706,1.6239228456913828
11:51:27,26.573146292585168,13.827655310621186,1.6312959251837005
11:51:27,26.63326653306613,13.857715430861667,1.638685704742819
11:51:27,26.693386773547093,13.887775551102148,1.6460921843687375
11:51:27,26.753507014028056,13.91783567134263,1.6535153640614562
11:51:27,26.81362725450902,13.947895791583111,1.6609552438209754
11:51:27,26.873747494989978,13.977955911823592,1.6684118236472947
11:51:27,26.93386773547094,14.008016032064072,1.675885103540414
11:51:27,26.993987975951903,14.038076152304551,1.6833750835003338
11:51:27,27.054108216432866,14.068136272545031,1.6908817635270539
11:51:27,27.11422845691383,14.098196392785512,1.6984051436205743
11:51:27,27.174348697394787,14.128256513025994,1.705945223780895
11:51:27,27.23446893787575,14.158316633266475,1.713502004008016
11:51:27,27.294589178356713,14.188376753506956,1.7210754843019371
11:51:27,27.354709418837675,14.218436873747436,1.7286656646626586
11:51:27,27.414829659318634,14.248496993987917,1.7362725450901804
11:51:27,27.474949899799597,14.278557114228398,1.7438961255845022
11:51:27,27.53507014028056,14.308617234468878,1.7515364061456244
11:51:27,27.595190380761522,14.33867735470936,1.759193386773547
11:51:27,27.655310621242485,14.36873747494984,1.7668670674682698
11:51:27,27.715430861723444,14.398797595190322,1.774557448229793
11:51:27,27.775551102204407,14.428857715430803,1.7822645290581163
11:51:27,27.83567134268537,14.458917835671285,1.7899883099532399
11:51:27,27.895791583166332,14.488977955911766,1.7977287909151638
11:51:28,27.955911823647295,14.519038076152246,1.8054859719438878
11:51:28,28.016032064128254,14.549098196392725,1.8132598530394122
11:51:28,28.076152304609217,14.579158316633205,1.8210504342017366
11:51:28,28.13627254509018,14.609218436873688,1.8288577154308616
11:51:28,28.196392785571142,14.63927855711417,1.836681696726787
11:51:28,28.256513026052104,14.669338677354654,1.8445223780895124
11:51:28,28.316633266533064,14.699398797595137,1.852379759519038
11:51:28,28.376753507014026,14.729458917835617,1.860253841015364
11:51:28,28.43687374749499,14.759519038076101,1.8681446225784903
11:51:28,28.49699398797595,14.789579158316581,1.8760521042084166
11:51:28,28.557114228456914,14.819639278557064,1.8839762859051434
11:51:28,28.617234468937873,14.849699398797547,1.8919171676686706
11:51:28,28.677354709418836,14.87975951903803,1.899874749498998
11:51:28,28.7374749498998,14.909819639278513,1.9078490313961256
11:51:28,28.79759519038076,14.939879759518995,1.9158400133600535
11:51:28,28.857715430861724,14.969939879759478,1.9238476953907817
11:51:28,28.917835671342683,14.999999999999961,1.93187207748831
11:51:28,28.977955911823646,15.030060120240442,1.9399131596526387
11:51:28,29.03807615230461,15.060120240480924,1.9479709418837674
11:51:28,29.09819639278557,15.090180360721405,1.9560454241816965
11:51:28,29.158316633266534,15.120240480961888,1.964136606546426
11:51:28,29.218436873747493,15.150300601202371,1.9722444889779558
11:51:28,29.278557114228455,15.180360721442854,1.9803690714762858
11:51:28,29.338677354709418,15.210420841683337,1.9885103540414162
11:51:28,29.39879759519038,15.240480961923819,1.9966683366733466
11:51:28,29.458917835671343,15.270541082164302,2.0048430193720774
11:51:28,29.519038076152302,15.300601202404783,2.0130344021376083
11:51:28,29.579158316633265,15.330661322645266,2.0212424849699397
11:51:28,29.639278557114228,15.36072144288575,2.0294672678690713
11:51:28,29.69939879759519,15.390781563126232,2.0377087508350034
11:51:28,29.75951903807615,15.420841683366715,2.0459669338677355
11:51:28,29.819639278557112,15.450901803607197,2.054241816967268
11:51:28,29.879759519038075,15.48096192384768,2.0625334001336006
11:51:28,29.939879759519037,15.511022044088163,2.0708416833667336
11:51:28,30.0,15.541082164328644,2.0791666666666666
11:51:28,30.0,15.571079919174435,2.0875
11:51:28,30.0,15.600953459714452,2.0958333333333337
11:51:28,30.0,15.630703555872069,2.104166666666667
11:51:28,30.0,15.660330971220786,2.1125000000000003
11:51:28,30.0,15.689836463049554,2.120833333333334
11:51:28,30.0,15.719220782427278,2.1291666666666673
11:51:28,30.0,15.748484674266571,2.137500000000001
11:51:28,30.0,15.77762887738668,2.1458333333333344
11:51:28,30.0,15.806654124575688,2.1541666666666677
11:51:28,30.0,15.835561142651914,2.1625000000000014
11:51:28,30.0,15.864350652524573,2.1708333333333347
11:51:28,30.0,15.893023369253738,2.1791666666666685
11:51:28,30.0,15.9215800021095,2.1875000000000018
11:51:28,30.0,15.950021254630496,2.1958333333333355
11:51:28,30.0,15.978347824681645,2.204166666666669
11:51:28,30.0,16.006560404511262,2.212500000000002
11:51:28,30.0,16.034659680807426,2.220833333333336
11:51:28,30.0,16.062646334753705,2.229166666666669
11:51:28,30.0,16.0905210420842,2.237500000000003
11:51:28,30.0,16.11828447313793,2.2458333333333362
11:51:28,30.0,16.145937292912556,2.2541666666666695
11:51:28,30.0,16.173480161117503,2.2625000000000033
11:51:28,30.0,16.2009137322264,2.2708333333333366
11:51:28,30.0,16.228238655528926,2.2791666666666703
11:51:28,30.0,16.255455575182033,2.2875000000000036
11:51:28,30.0,16.28256513026057,2.295833333333337
11:51:28,30.0,16.309567954807306,2.3041666666666707
11:51:28,30.0,16.33646467788234,2.312500000000004
11:51:28,30.0,16.363255923611987,2.3208333333333377
11:51:29,30.0,16.389942311237014,2.329166666666671
11:51:29,30.0,16.41652445516038,2.3375000000000044
11:51:29,30.0,16.44300296499438,2.345833333333338
11:51:29,30.0,16.469378445607234,2.3541666666666714
11:51:29,30.0,16.495651497169167,2.362500000000005
11:51:29,30.0,16.52182271519791,2.3708333333333385
11:51:29,30.0,16.547892690603717,2.3791666666666718
11:51:29,30.0,16.57386200973383,2.3875000000000055
11:51:29,30.0,16.599731254416426,2.395833333333339
11:51:29,30.0,16.62550100200409,2.4041666666666726
11:51:29,30.0,16.65117182541675,2.412500000000006
11:51:29,30.0,16.676744293184157,2.4208333333333396
11:51:29,30.0,16.70221896948782,2.429166666666673
11:51:29,30.0,16.72759641420254,2.437500000000006
11:51:29,30.0,16.752877182937397,2.44583333333334
11:51:29,30.0,16.7780618270763,2.4541666666666733
11:51:29,30.0,16.803150893818096,2.462500000000007
11:51:29,30.0,16.82814492621617,2.4708333333333403
11:51:29,30.0,16.85304446321765,2.4791666666666736
11:51:29,30.0,16.87785003970215,2.4875000000000074
11:51:29,30.0,16.90256218652004,2.4958333333333407
11:51:29,30.0,16.927181430530343,2.5041666666666744
11:51:29,30.0,16.951708294638166,2.5125000000000077
11:51:29,30.0,16.97614329783173,2.520833333333341
11:51:29,30.0,17.000486955218964,2.529166666666675
11:51:29,30.0,17.024739778063708,2.537500000000008
11:51:29,30.0,17.048902273821508,2.545833333333342
11:51:29,30.0,17.072974946174998,2.554166666666675
11:51:29,30.0,17.096958295068927,2.5625000000000084
11:51:29,30.0,17.120852816744726,2.570833333333342
11:51:29,30.0,17.144659003774777,2.5791666666666755
11:51:29,30.0,17.16837734509623,2.5875000000000092
11:51:29,30.0,17.192008326044487,2.5958333333333425
11:51:29,30.0,17.215552428386317,2.604166666666676
11:51:29,30.0,17.239010130352586,2.6125000000000096
11:51:29,30.0,17.262381906670623,2.620833333333343
11:51:29,30.0,17.285668228596275,2.6291666666666766
11:51:29,30.0,17.308869563945553,2.63750000000001
11:51:29,30.0,17.331986377125986,2.6458333333333437
11:51:29,30.0,17.355019129167577,2.654166666666677
11:51:29,30.0,17.377968277753478,2.6625000000000103
11:51:29,30.0,17.400834277250308,2.670833333333344
11:51:29,30.0,17.423617578738103,2.6791666666666774
11:51:29,30.0,17.44631863004002,2.687500000000011
11:51:29,30.0,17.468937875751664,2.6958333333333444
11:51:29,30.0,17.4914757572701,2.7041666666666777
11:51:29,30.0,17.513932712822577,2.7125000000000115
11:51:29,30.0,17.53630917749494,2.7208333333333448
11:51:29,30.0,17.558605583259713,2.7291666666666785
11:51:29,30.0,17.580822359003893,2.737500000000012
11:51:29,30.0,17.602959930556473,2.745833333333345
11:51:29,30.0,17.625018720715627,2.754166666666679
11:51:29,30.0,17.646999149275636,2.762500000000012
11:51:29,30.0,17.668901633053522,2.770833333333346
11:51:29,30.0,17.690726585915375,2.779166666666679
11:51:29,30.0,17.71247441880245,2.7875000000000125
11:51:29,30.0,17.73414553975695,2.7958333333333463
11:51:29,30.0,17.75574035394752,2.8041666666666796
11:51:29,30.0,17.77725926369454,2.8125000000000133
11:51:29,30.0,17.798702668495075,2.8208333333333466
11:51:29,30.0,17.820070965047627,2.8291666666666804
11:51:29,30.0,17.84136454727657,2.8375000000000137
11:51:29,30.0,17.862583806356366,2.845833333333347
11:51:29,30.0,17.88372913073554,2.8541666666666807
11:51:30,30.0,17.90480090616035,2.862500000000014
11:51:30,30.0,17.92579951569827,2.870833333333348
11:51:30,30.0,17.946725339761183,2.879166666666681
11:51:30,30.0,17.967578756128383,2.8875000000000144
11:51:30,30.0,17.98836013996927,2.895833333333348
11:51:30,30.0,18.009069863865875,2.9041666666666814
11:51:30,30.0,18.02970829783513,2.912500000000015
11:51:30,30.0,18.05027580935088,2.9208333333333485
11:51:30,30.0,18.070772763365714,2.929166666666682
11:51:30,30.0,18.09119952233256,2.9375000000000155
11:51:30,30.0,18.111556446226007,2.945833333333349
11:51:30,30.0,18.13184389256351,2.9541666666666826
11:51:30,30.0,18.152062216426266,2.962500000000016
11:51:30,30.0,18.17221177047996,2.970833333333349
11:51:30,30.0,18.19229290499528,2.979166666666683
11:51:30,30.0,18.212305967868172,2.9875000000000163
11:51:30,30.0,18.232251304639973,2.99583333333335
11:51:30,30.0,18.25212925851727,3.0041666666666833
11:51:30,30.0,18.271940170391613,3.0125000000000166
11:51:30,30.0,18.29168437885897,3.0208333333333504
11:51:30,30.0,18.31136222023904,3.0291666666666837
11:51:30,30.0,18.330974028594348,3.0375000000000174
11:51:30,30.0,18.350520135749132,3.0458333333333507
11:51:30,30.0,18.370000871308083,3.0541666666666845
11:51:30,30.0,18.38941656267485,3.0625000000000178
11:51:30,30.0,18.408767535070393,3.070833333333351
11:51:30,30.0,18.428054111551145,3.079166666666685
11:51:30,30.0,18.447276613026975,3.087500000000018
11:51:30,30.0,18.466435358279007,3.095833333333352
11:51:30,30.0,18.485530663977222,3.104166666666685
11:51:30,30.0,18.504562844697922,3.1125000000000185
11:51:30,30.0,18.523532212941,3.120833333333352
11:51:30,30.0,18.542439079147027,3.1291666666666855
11:51:30,30.0,18.561283751714225,3.1375000000000193
11:51:30,30.0,18.58006653701519,3.1458333333333526
11:51:30,30.0,18.598787739413524,3.154166666666686
11:51:30,30.0,18.61744766128028,3.1625000000000196
11:51:30,30.0,18.636046603010218,3.170833333333353
11:51:30,30.0,18.654584863037936,3.1791666666666867
11:51:30,30.0,18.673062737853837,3.18750000000002
11:51:30,30.0,18.69148052201993,3.1958333333333533
11:51:30,30.0,18.709838508185488,3.204166666666687
11:51:30,30.0,18.72813698710253,3.2125000000000203
11:51:30,30.0,18.7463762476412,3.220833333333354
11:51:30,30.0,18.76455657680495,3.2291666666666874
11:51:30,30.0,18.78267825974559,3.237500000000021
11:51:30,30.0,18.800741579778208,3.2458333333333544
11:51:30,30.0,18.81874681839593,3.2541666666666877
11:51:30,30.0,18.83669425528454,3.2625000000000215
11:51:30,30.0,18.854584168336974,3.270833333333355
11:51:30,30.0,18.872416833667636,3.2791666666666885
11:51:30,30.0,18.890192525626635,3.287500000000022
11:51:30,30.0,18.907911516813837,3.295833333333355
11:51:30,30.0,18.925574078092797,3.304166666666689
11:51:30,30.0,18.943180478604575,3.312500000000022
11:51:30,30.0,18.9607309857814,3.320833333333356
11:51:30,30.0,18.978225865360194,3.3291666666666893
11:51:30,30.0,18.995665381396016,3.3375000000000226
11:51:30,30.0,19.013049796275332,3.3458333333333563
11:51:30,30.0,19.030379370729158,3.3541666666666896
11:51:30,30.0,19.047654363846124,3.3625000000000234
11:51:30,30.0,19.06487503308536,3.3708333333333567
11:51:30,30.0,19.082041634289308,3.37916666666669
11:51:30,30.0,19.099154421696383,3.3875000000000237
11:51:31,30.0,19.11621364795351,3.395833333333357
11:51:31,30.0,19.133219564128588,3.4041666666666908
11:51:31,30.0,19.15017241972277,3.412500000000024
11:51:31,30.0,19.167072462682707,3.4208333333333574
11:51:31,30.0,19.183919939412597,3.429166666666691
11:51:31,30.0,19.20071509478618,3.4375000000000244
11:51:31,30.0,19.217458172158608,3.445833333333358
11:51:31,30.0,19.23414941337818,3.4541666666666915
11:51:31,30.0,19.250789058798,3.4625000000000252
11:51:31,30.0,19.26737734728751,3.4708333333333585
11:51:31,30.0,19.283914516243925,3.479166666666692
11:51:31,30.0,19.300400801603555,3.4875000000000256
11:51:31,30.0,19.316836437853013,3.495833333333359
11:51:31,30.0,19.333221658040358,3.5041666666666926
11:51:31,30.0,19.349556693786088,3.512500000000026
11:51:31,30.0,19.36584177529406,3.5208333333333592
11:51:31,30.0,19.382077131362315,3.529166666666693
11:51:31,30.0,19.39826298939378,3.5375000000000263
11:51:31,30.0,19.414399575406883,3.54583333333336
11:51:31,30.0,19.43048711404608,3.5541666666666933
11:51:31,30.0,19.446525828592296,3.5625000000000266
11:51:31,30.0,19.46251594097322,3.5708333333333604
11:51:31,30.0,19.478457671773565,3.5791666666666937
11:51:31,30.0,19.49435124024521,3.5875000000000274
11:51:31,30.0,19.510196864317237,3.5958333333333607
11:51:31,30.0,19.52599476060592,3.604166666666694
11:51:31,30.0,19.54174514442456,3.612500000000028
11:51:31,30.0,19.557448229793295,3.620833333333361
11:51:31,30.0,19.57310422944878,3.629166666666695
11:51:31,30.0,19.588713354853798,3.637500000000028
11:51:31,30.0,19.604275816206783,3.6458333333333615
11:51:31,30.0,19.619791822451255,3.654166666666695
11:51:31,30.0,19.635261581285157,3.6625000000000285
11:51:31,30.0,19.650685299170153,3.6708333333333623
11:51:31,30.0,19.66606318134078,3.6791666666666956
11:51:31,30.0,19.68139543181357,3.6875000000000293
11:51:31,30.0,19.69668225339607,3.6958333333333626
11:51:31,30.0,19.711923847695783,3.704166666666696
11:51:31,30.0,19.727120415129026,3.7125000000000297
11:51:31,30.0,19.742272154929722,3.720833333333363
11:51:31,30.0,19.757379265158107,3.7291666666666967
11:51:31,30.0,19.772441942709346,3.73750000000003
11:51:31,30.0,19.78746038332211,3.7458333333333633
11:51:31,30.0,19.802434781587035,3.754166666666697
11:51:31,30.0,19.817365330955138,3.7625000000000304
11:51:31,30.0,19.832252223746142,3.770833333333364
11:51:31,30.0,19.847095651156735,3.7791666666666974
11:51:31,30.0,19.86189580326875,3.7875000000000307
11:51:31,30.0,19.876652869057303,3.7958333333333645
11:51:31,30.0,19.89136703639879,3.804166666666698
11:51:31,30.0,19.90603849207891,3.8125000000000315
11:51:31,30.0,19.920667421800538,3.820833333333365
11:51:31,30.0,19.935254010191564,3.829166666666698
11:51:31,30.0,19.94979844081268,3.837500000000032
11:51:31,30.0,19.964300896165042,3.845833333333365
11:51:31,30.0,19.97876155769795,3.854166666666699
11:51:31,30.0,19.99318060581637,3.8625000000000322
11:51:31,30.0,20.007558219888477,3.870833333333366
11:51:31,30.0,20.021894578253058,3.8791666666666993
11:51:31,30.0,20.03618985822691,3.8875000000000326
11:51:31,30.0,20.05044423611214,3.8958333333333663
11:51:31,30.0,20.06465788720341,3.9041666666666996
11:51:31,30.0,20.078830985795133,3.9125000000000334
11:51:32,30.0,20.092963705188588,3.9208333333333667
11:51:32,30.0,20.10705621769899,3.9291666666667
11:51:32,30.0,20.12110869466249,3.9375000000000338
11:51:32,30.0,20.13512130644311,3.945833333333367
11:51:32,30.0,20.149094222439654,3.954166666666701
11:51:32,30.0,20.1630276110925,3.962500000000034
11:51:32,30.0,20.17692163989039,3.9708333333333674
11:51:32,30.0,20.190776475377152,3.979166666666701
11:51:32,30.0,20.204592283158313,3.9875000000000345
11:51:32,30.0,20.21836922790774,3.995833333333368
11:51:32,30.0,20.232107473374167,4.004166666666702
11:51:32,30.0,20.245807182387665,4.012500000000035
11:51:32,30.0,20.259468516866118,4.020833333333369
11:51:32,30.0,20.273091637821555,4.029166666666702
11:51:32,30.0,20.286676705366496,4.037500000000035
11:51:32,30.0,20.30022387872024,4.045833333333369
11:51:32,30.0,20.313733316215064,4.054166666666703
11:51:32,30.0,20.327205175302385,4.0625000000000355
11:51:32,30.0,20.340639612558913,4.070833333333369
11:51:32,30.0,20.354036783692674,4.079166666666703
11:51:32,30.0,20.36739684354906,4.087500000000037
11:51:32,30.0,20.380719946116766,4.09583333333337
11:51:32,30.0,20.394006244533735,4.104166666666703
11:51:32,30.0,20.407255891092998,4.112500000000036
11:51:32,30.0,20.420469037248516,4.120833333333369
11:51:32,30.0,20.433645833620943,4.129166666666703
11:51:32,30.0,20.44678643000333,4.137500000000036
11:51:32,30.0,20.459890975366836,4.145833333333369
11:51:32,30.0,20.472959617866334,4.154166666666701
11:51:32,30.0,20.485992504845996,4.162500000000034
11:51:32,30.0,20.49898978284484,4.170833333333368
11:51:32,30.0,20.511951597602216,4.179166666666701
11:51:32,30.0,20.524878094063247,4.187500000000034
11:51:32,30.0,20.537769416384247,4.195833333333367
11:51:32,30.0,20.550625707938075,4.2041666666666995
11:51:32,30.0,20.56344711131943,4.212500000000032
11:51:32,30.0,20.576233768350168,4.220833333333366
11:51:32,30.0,20.58898582008447,4.229166666666699
11:51:32,30.0,20.601703406814085,4.237500000000032
11:51:32,30.0,20.614386668073443,4.245833333333365
11:51:32,30.0,20.62703574264477,4.2541666666666975
11:51:32,30.0,20.639650768563154,4.262500000000031
11:51:32,30.0,20.652231883121537,4.270833333333364
11:51:32,30.0,20.664779222875733,4.279166666666697
11:51:32,30.0,20.677292923649357,4.28750000000003
11:51:32,30.0,20.689773120538717,4.295833333333363
11:51:32,30.0,20.70221994791768,4.3041666666666965
11:51:32,30.0,20.714633539442488,4.312500000000029
11:51:32,30.0,20.727014028056562,4.320833333333362
11:51:32,30.0,20.739361545995234,4.329166666666695
11:51:32,30.0,20.751676224790454,4.337500000000028
11:51:32,30.0,20.763958195275464,4.345833333333362
11:51:32,30.0,20.77620758758942,4.3541666666666945
11:51:32,30.0,20.788424531182017,4.362500000000027
11:51:32,30.0,20.800609154818016,4.37083333333336
11:51:32,30.0,20.812761586581797,4.379166666666693
11:51:32,30.0,20.82488195388182,4.387500000000026
11:51:32,30.0,20.836970383455103,4.39583333333336
11:51:32,30.0,20.849027001371606,4.4041666666666925
11:51:32,30.0,20.86105193303866,4.412500000000025
11:51:32,30.0,20.873045303205277,4.420833333333358
11:51:32,30.0,20.885007235966473,4.429166666666691
11:51:32,30.0,20.896937854767568,4.437500000000025
11:51:32,30.0,20.908837282408395,4.445833333333358
11:51:33,30.0,20.920705641047547,4.454166666666691
11:51:33,30.0,20.932543052206544,4.4625000000000234
11:51:33,30.0,20.944349636773985,4.470833333333356
11:51:33,30.0,20.956125515009653,4.47916666666669
11:51:33,30.0,20.9678708065486,4.487500000000023
11:51:33,30.0,20.979585630405214,4.495833333333356
11:51:33,30.0,20.99127010497723,4.504166666666689
11:51:33,30.0,21.002924348049703,4.5125000000000215
11:51:33,30.0,21.014548476798996,4.520833333333355
11:51:33,30.0,21.02614260779667,4.529166666666688
11:51:33,30.0,21.03770685701343,4.537500000000021
11:51:33,30.0,21.049241339822935,4.545833333333354
11:51:33,30.0,21.060746171005682,4.554166666666687
11:51:33,30.0,21.07222146475279,4.56250000000002
11:51:33,30.0,21.083667334669773,4.570833333333353
11:51:33,30.0,21.09508389378031,4.579166666666686
11:51:33,30.0,21.10647125452995,4.587500000000019
11:51:33,30.0,21.11782952878981,4.595833333333352
11:51:33,30.0,21.129158827860227,4.604166666666685
11:51:33,30.0,21.140459262474423,4.6125000000000185
11:51:33,30.0,21.15173094280206,4.620833333333351
11:51:33,30.0,21.162973978452886,4.629166666666684
11:51:33,30.0,21.17418847848023,4.637500000000017
11:51:33,30.0,21.185374551384562,4.64583333333335
11:51:33,30.0,21.19653230511699,4.654166666666684
11:51:33,30.0,21.207661847082708,4.6625000000000165
11:51:33,30.0,21.21876328414447,4.670833333333349
11:51:33,30.0,21.229836722626,4.679166666666682
11:51:33,30.0,21.24088226831539,4.687500000000015
11:51:33,30.0,21.251900026468455,4.695833333333349
11:51:33,30.0,21.262890101812086,4.704166666666682
11:51:33,30.0,21.273852598547577,4.712500000000015
11:51:33,30.0,21.28478762035391,4.720833333333347
11:51:33,30.0,21.29569527039101,4.72916666666668
11:51:33,30.0,21.306575651303028,4.737500000000014
11:51:33,30.0,21.317428865221498,4.745833333333347
11:51:33,30.0,21.328255013768604,4.75416666666668
11:51:33,30.0,21.3390541980603,4.762500000000013
11:51:33,30.0,21.349826518709477,4.7708333333333455
11:51:33,30.0,21.360572075829094,4.779166666666679
11:51:33,30.0,21.37129096903526,4.787500000000012
11:51:33,30.0,21.381983297450336,4.795833333333345
11:51:33,30.0,21.392649159705964,4.804166666666678
11:51:33,30.0,21.40328865394613,4.812500000000011
11:51:33,30.0,21.413901877830146,4.8208333333333435
11:51:33,30.0,21.42448892853566,4.829166666666677
11:51:33,30.0,21.4350499027616,4.83750000000001
11:51:33,30.0,21.445584896731145,4.845833333333343
11:51:33,30.0,21.45609400619462,4.854166666666676
11:51:33,30.0,21.466577326432414,4.862500000000009
11:51:33,30.0,21.47703495225787,4.8708333333333425
11:51:33,30.0,21.487466978020098,4.879166666666675
11:51:33,30.0,21.49787349760687,4.887500000000008
11:51:33,30.0,21.508254604447398,4.895833333333341
11:51:33,30.0,21.518610391515146,4.904166666666674
11:51:33,30.0,21.528940951330597,4.912500000000008
11:51:33,30.0,21.539246375964016,4.9208333333333405
11:51:33,30.0,21.549526757038176,4.929166666666673
11:51:33,30.0,21.55978218573109,4.937500000000006
11:51:33,30.0,21.57001275277869,4.945833333333339
11:51:33,30.0,21.580218548477507,4.954166666666673
11:51:33,30.0,21.59039966268733,4.962500000000006
11:51:33,30.0,21.60055618483384,4.9708333333333385
11:51:34,30.0,21.61068820391124,4.979166666666671
11:51:34,30.0,21.620795808484843,4.987500000000004
11:51:34,30.0,21.630879086693646,4.995833333333338
11:51:34,30.0,21.64093812625291,5.004166666666671
11:51:34,30.0,21.650973014456685,5.012500000000004
11:51:34,30.0,21.66098383818036,5.020833333333337
11:51:34,30.0,21.670970683883137,5.0291666666666694
11:51:34,30.0,21.680933637610547,5.037500000000002
11:51:34,30.0,21.69087278499692,5.045833333333336
11:51:34,30.0,21.700788211267806,5.054166666666669
11:51:34,30.0,21.710680001242455,5.062500000000002
11:51:34,30.0,21.720548239336214,5.070833333333335
11:51:34,30.0,21.730393009562924,5.0791666666666675
11:51:34,30.0,21.74021439553732,5.087500000000001
11:51:34,30.0,21.750012480477366,5.095833333333334
11:51:34,30.0,21.759787347206657,5.104166666666667
11:51:34,30.0,21.769539078156708,5.1125
11:51:34,30.0,21.77926775536929,5.120833333333333
11:51:34,30.0,21.788973460498728,5.129166666666666
11:51:34,30.0,21.798656274814174,5.137499999999999
11:51:34,30.0,21.808316279201907,5.145833333333332
11:51:34,30.0,21.817953554167552,5.154166666666665
11:51:34,30.0,21.82756817983833,5.162499999999998
11:51:34,30.0,21.837160235965282,5.170833333333332
11:51:34,30.0,21.846729801925463,5.1791666666666645
11:51:34,30.0,21.856276956724145,5.187499999999997
11:51:34,30.0,21.865801778996982,5.19583333333333
11:51:34,30.0,21.87530434701217,5.204166666666663
11:51:34,30.0,21.884784738672604,5.212499999999997
11:51:34,30.0,21.894243031517973,5.22083333333333
11:51:34,30.0,21.903679302726914,5.2291666666666625
11:51:34,30.0,21.913093629119093,5.237499999999995
11:51:34,30.0,21.92248608715728,5.245833333333328
11:51:34,30.0,21.931856752949443,5.254166666666661
11:51:34,30.0,21.941205702250777,5.262499999999995
11:51:34,30.0,21.950533010465765,5.270833333333328
11:51:34,30.0,21.959838752650196,5.279166666666661
11:51:34,30.0,21.969123003513186,5.287499999999993
11:51:34,30.0,21.978385837419168,5.295833333333326
11:51:34,30.0,21.987627328389888,5.30416666666666
11:51:34,30.0,21.996847550106352,5.312499999999993
11:51:34,30.0,22.006046575910826,5.320833333333326
11:51:34,30.0,22.015224478808747,5.329166666666659
11:51:34,30.0,22.024381331470664,5.3374999999999915
11:51:34,30.0,22.03351720623416,5.345833333333325
11:51:34,30.0,22.042632175105744,5.354166666666658
11:51:34,30.0,22.051726309762767,5.362499999999991
11:51:34,30.0,22.060799681555274,5.370833333333324
11:51:34,30.0,22.06985236150789,5.379166666666657
11:51:34,30.0,22.078884420321664,5.38749999999999
11:51:34,30.0,22.087895928375907,5.395833333333323
11:51:34,30.0,22.096886955730024,5.404166666666656
11:51:34,30.0,22.105857572125334,5.412499999999989
11:51:34,30.0,22.11480784698687,5.420833333333322
11:51:34,29.939879759519037,22.123703806253886,5.429158316633256
11:51:34,29.879759519038075,22.13251162959441,5.437466599866388
11:51:34,29.819639278557116,22.14123161577431,5.445758183032722
11:51:34,29.759519038076153,22.149864062210586,5.454033066132254
11:51:34,29.69939879759519,22.15840926497905,5.462291249164986
11:51:34,29.639278557114228,22.166867518821817,5.470532732130918
11:51:34,29.579158316633265,22.17523911715483,5.478757515030049
11:51:34,29.519038076152306,22.183524352075327,5.486965597862381
11:51:34,29.458917835671343,22.191723514369194,5.495156980627911
11:51:34,29.39879759519038,22.199836893518366,5.503331663326642
11:51:35,29.338677354709418,22.207864777708103,5.511489645958573
11:51:35,29.278557114228455,22.21580745383423,5.519630928523703
11:51:35,29.218436873747496,22.223665207510383,5.527755511022033
11:51:35,29.158316633266534,22.231438323075114,5.535863393453563
11:51:35,29.09819639278557,22.23912708359903,5.543954575818292
11:51:35,29.03807615230461,22.24673177089184,5.552029058116221
11:51:35,28.97795591182365,22.25425266550939,5.560086840347351
11:51:35,28.917835671342687,22.261690046760588,5.56812792251168
11:51:35,28.857715430861724,22.26904419271435,5.576152304609208
11:51:35,28.79759519038076,22.27631538020649,5.5841599866399365
11:51:35,28.7374749498998,22.283503884846507,5.592150968603864
11:51:35,28.677354709418836,22.2906099810244,5.600125250500992
11:51:35,28.617234468937877,22.297633941917386,5.608082832331319
11:51:35,28.557114228456914,22.304576039496613,5.616023714094846
11:51:35,28.49699398797595,22.311436544533795,5.623947895791573
11:51:35,28.43687374749499,22.318215726607804,5.631855377421499
11:51:35,28.37675350701403,22.324913854111266,5.639746158984625
11:51:35,28.316633266533067,22.33153119425705,5.647620240480951
11:51:35,28.256513026052104,22.338068013084754,5.655477621910477
11:51:35,28.196392785571142,22.34452457546713,5.663318303273202
11:51:35,28.13627254509018,22.35090114511649,5.671142284569128
11:51:35,28.07615230460922,22.357197984591032,5.678949565798252
11:51:35,28.016032064128257,22.363415355301175,5.686740146960577
11:51:35,27.955911823647295,22.369553517515794,5.694514028056102
11:51:35,27.895791583166332,22.375612730368456,5.702271209084826
11:51:35,27.83567134268537,22.381593251863617,5.71001169004675
11:51:35,27.77555110220441,22.387495338882747,5.717735470941873
11:51:35,27.715430861723448,22.393319247190448,5.725442551770197
11:51:35,27.655310621242485,22.399065231440492,5.733132932531719
11:51:35,27.595190380761522,22.404733545181884,5.740806613226442
11:51:35,27.53507014028056,22.410324440864805,5.748463593854364
11:51:35,27.4749498997996,22.415838169846598,5.756103874415486
11:51:35,27.414829659318638,22.421274982397644,5.763727454909809
11:51:35,27.354709418837675,22.426635127707232,5.77133433533733
11:51:35,27.294589178356713,22.431918853889425,5.778924515698051
11:51:35,27.23446893787575,22.43712640798881,5.786497995991973
11:51:35,27.17434869739479,22.442258035986274,5.7940547762190935
11:51:35,27.11422845691383,22.447313982804737,5.801594856379414
11:51:35,27.054108216432866,22.4522944923148,5.809118236472934
11:51:35,26.993987975951903,22.457199807340423,5.816624916499655
11:51:35,26.93386773547094,22.46203016966451,5.824114896459575
11:51:35,26.87374749498998,22.466785820034495,5.831588176352695
11:51:35,26.81362725450902,22.47146699816788,5.839044756179014
11:51:35,26.753507014028056,22.476073942757733,5.846484635938533
11:51:35,26.693386773547093,22.48060689147815,5.853907815631252
11:51:35,26.633266533066134,22.485066080989697,5.86131429525717
11:51:35,26.57314629258517,22.489451746944795,5.868704074816288
11:51:35,26.51302605210421,22.49376412399309,5.876077154308605
11:51:35,26.452905811623246,22.49800344578679,5.883433533734124
11:51:35,26.392785571142284,22.502169944985937,5.8907732130928405
11:51:35,26.33266533066132,22.506263853263686,5.898096192384758
11:51:35,26.272545090180362,22.51028540131152,5.905402471609874
11:51:35,26.2124248496994,22.514234818844464,5.912692050768191
11:51:35,26.152304609218437,22.518112334606215,5.919964929859708
11:51:35,26.092184368737474,22.521918176374296,5.927221108884424
11:51:35,26.032064128256515,22.525652570965143,5.93446058784234
11:51:35,25.971943887775552,22.52931574423917,5.941683366733455
11:51:35,25.91182364729459,22.532907921105803,5.948889445557771
11:51:35,25.851703406813627,22.536429325528463,5.956078824315287
11:51:35,25.791583166332664,22.539880180529558,5.963251503006001
11:51:35,25.7314629258517,22.54326070819542,5.970407481629915
11:51:35,25.671342685370742,22.54657112968118,5.97754676018703
11:51:35,25.61122244488978,22.54981166521568,5.984669338677343
11:51:35,25.551102204408817,22.552982534106302,5.991775217100857
11:51:36,25.490981963927858,22.556083954743777,5.99886439545757
11:51:36,25.430861723446895,22.559116144606975,6.005936873747483
11:51:36,25.370741482965933,22.562079320267664,6.012992651970596
11:51:36,25.31062124248497,22.564973697395224,6.020031730126909
11:51:36,25.250501002004007,22.567799490761356,6.027054108216421
11:51:36,25.190380761523045,22.570556914244726,6.034059786239133
11:51:36,25.130260521042082,22.57324618083563,6.041048764195045
11:51:36,25.070140280561123,22.575867502640573,6.048021042084157
11:51:36,25.01002004008016,22.578421090886877,6.054976619906468
11:51:36,24.949899799599198,22.5809071559272,6.061915497661979
11:51:36,24.88977955911824,22.58332590724409,6.06883767535069
11:51:36,24.829659318637276,22.58567755345446,6.075743152972601
11:51:36,24.769539078156313,22.58796230231405,6.082631930527711
11:51:36,24.70941883767535,22.590180360721885,6.0895040080160205
11:51:36,24.649298597194388,22.592331934724683,6.09635938543753
11:51:36,24.589178356713425,22.594417229521216,6.10319806279224
11:51:36,24.529058116232466,22.596436449466694,6.1100200400801485
11:51:36,24.468937875751504,22.59838979807709,6.116825317301257
11:51:36,24.40881763527054,22.600277478033433,6.123613894455566
11:51:36,24.34869739478958,22.602099691186094,6.130385771543074
11:51:36,24.28857715430862,22.603856638559037,6.137140948563783
11:51:36,24.228456913827657,22.605548520354034,6.14387942551769
11:51:36,24.168336673346694,22.60717553595489,6.150601202404798
11:51:36,24.10821643286573,22.608737883931575,6.1573062792251045
11:51:36,24.04809619238477,22.610235762044415,6.1639946559786125
11:51:36,23.987975951903806,22.611669367248183,6.170666332665319
11:51:36,23.927855711422847,22.613038895696217,6.177321309285226
11:51:36,23.867735470941884,22.614344542744476,6.183959585838331
11:51:36,23.80761523046092,22.6155865029556,6.190581162324638
11:51:36,23.74749498997996,22.61676497010293,6.197186038744144
11:51:36,23.687374749499,22.6178801371745,6.203774215096849
11:51:36,23.627254509018037,22.618932196377013,6.210345691382754
11:51:36,23.567134268537075,22.619921339139804,6.216900467601858
11:51:36,23.507014028056112,22.62084775611875,6.223438543754163
11:51:36,23.44689378757515,22.621711637200182,6.229959919839668
11:51:36,23.386773547094187,22.622513171504753,6.236464595858371
11:51:36,23.326653306613228,22.62325254739131,6.242952571810275
11:51:36,23.266533066132265,22.62392995246071,6.249423847695379
11:51:36,23.206412825651302,22.624545573559633,6.255878423513682
11:51:36,23.146292585170343,22.625099596784388,6.262316299265185
11:51:36,23.08617234468938,22.625592207484633,6.268737474949888
11:51:36,23.026052104208418,22.626023590267163,6.27514195056779
11:51:36,22.965931863727455,22.626393928999597,6.281529726118893
11:51:36,22.905811623246493,22.626703406814087,6.287900801603195
11:51:36,22.84569138276553,22.626952206110982,6.2942551770206965
11:51:36,22.785571142284567,22.627140508562498,6.300592852371398
11:51:36,22.725450901803608,22.62726849511632,6.3069138276553
11:51:36,22.665330661322646,22.627336345999232,6.3132181028723995
11:51:36,22.605210420841683,22.62734424072071,6.319505678022701
11:51:36,22.545090180360724,22.627292358076453,6.3257765531062
11:51:36,22.48496993987976,22.62718087615197,6.3320307281229
11:51:36,22.4248496993988,22.627009972326064,6.3382682030728
11:51:36,22.364729458917836,22.626779823274365,6.3444889779558995
11:51:36,22.304609218436873,22.626490604972783,6.350693052772199
11:51:36,22.24448897795591,22.626142492701,6.356880427521698
11:51:36,22.18436873747495,22.625735661045873,6.3630511022043965
11:51:36,22.12424849699399,22.625270283904896,6.369205076820295
11:51:36,22.064128256513026,22.62474653448956,6.375342351369393
11:51:36,22.004008016032063,22.624164585328757,6.381462925851691
11:51:36,21.943887775551104,22.623524608272128,6.387566800267189
11:51:36,21.88376753507014,22.622826774493408,6.393653974615887
11:51:36,21.82364729458918,22.622071254493736,6.399724448897784
11:51:36,21.763527054108216,22.621258218104984,6.405778223112882
11:51:37,21.703406813627254,22.620387834492988,6.411815297261178
11:51:37,21.64328657314629,22.619460272160854,6.417835671342674
11:51:37,21.58316633266533,22.618475698952192,6.42383934535737
11:51:37,21.52304609218437,22.617434282054315,6.429826319305265
11:51:37,21.462925851703407,22.616336188001473,6.435796593186361
11:51:37,21.402805611222448,22.61518158267802,6.441750167000656
11:51:37,21.342685370741485,22.613970631321592,6.447687040748151
11:51:37,21.282565130260522,22.612703498526248,6.453607214428845
11:51:37,21.22244488977956,22.6113803482456,6.45951068804274
11:51:37,21.162324649298597,22.610001343795936,6.465397461589834
11:51:37,21.102204408817634,22.6085666478593,6.471267535070129
11:51:37,21.04208416833667,22.60707642248657,6.477120908483622
11:51:37,20.981963927855713,22.605530829100534,6.482957581830315
11:51:37,20.92184368737475,22.603930028498905,6.488777555110208
11:51:37,20.861723446893787,22.602274180857354,6.4945808283233015
11:51:37,20.80160320641283,22.600563445732522,6.500367401469594
11:51:37,20.741482965931866,22.598797982064994,6.506137274549087
11:51:37,20.681362725450903,22.596977948182282,6.511890447561779
11:51:37,20.62124248496994,22.59510350180177,6.517626920507671
11:51:37,20.561122244488978,22.593174800033655,6.523346693386762
11:51:37,20.501002004008015,22.591191999383863,6.529049766199053
11:51:37,20.440881763527052,22.58915525575695,6.534736138944544
11:51:37,20.380761523046093,22.58706472445899,6.540405811623234
11:51:37,20.32064128256513,22.58492056020046,6.546058784235125
11:51:37,20.260521042084168,22.582722917099044,6.551695056780215
11:51:37,20.20040080160321,22.580471948682536,6.557314629258506
11:51:37,20.140280561122246,22.5781678078916,6.562917501669995
11:51:37,20.080160320641284,22.575810647082612,6.568503674014685
11:51:37,20.02004008016032,22.573400618030433,6.574073146292573
11:51:37,19.95991983967936,22.57093787193119,6.5796259185036625
11:51:37,19.899799599198396,22.568422559405004,6.585161990647951
11:51:37,19.839679358717433,22.56585483049878,6.59068136272544
11:51:37,19.779559118236474,22.563234834688874,6.596184034736128
11:51:37,19.71943887775551,22.56056272088385,6.601670006680016
11:51:37,19.659318637274552,22.557838637427146,6.607139278557104
11:51:37,19.59919839679359,22.555062732099756,6.61259185036739
11:51:37,19.539078156312627,22.552235152122915,6.618027722110877
11:51:37,19.478957915831664,22.549356044160707,6.6234468937875635
11:51:37,19.4188376753507,22.54642555432274,6.62884936539745
11:51:37,19.35871743486974,22.543443828166733,6.634235136940536
11:51:37,19.298597194388776,22.540411010701135,6.639604208416822
11:51:37,19.238476953907814,22.5373272463877,6.6449565798263075
11:51:37,19.178356713426854,22.534192679144088,6.6502922511689935
11:51:37,19.118236472945892,22.531007452346383,6.655611222444878
11:51:37,19.058116232464933,22.527771708831686,6.660913493653963
11:51:37,18.99799599198397,22.5244855909006,6.666199064796247
11:51:37,18.937875751503007,22.521149240319776,6.671467935871732
11:51:37,18.877755511022045,22.517762798324412,6.676720106880416
11:51:37,18.817635270541082,22.51432640562072,6.6819555778223005
11:51:37,18.75751503006012,22.51084020238843,6.687174348697384
11:51:37,18.697394789579157,22.507304328283226,6.692376419505667
11:51:37,18.637274549098198,22.503718922439212,6.697561790247151
11:51:37,18.577154308617235,22.500084123471318,6.702730460921833
11:51:37,18.517034068136272,22.49640006947775,6.707882431529715
11:51:37,18.456913827655313,22.492666898042387,6.713017702070797
11:51:37,18.39679358717435,22.488884746237154,6.718136272545079
11:51:37,18.336673346693388,22.485053750624417,6.72323814295256
11:51:37,18.276553106212425,22.48117404725936,6.728323313293242
11:51:37,18.216432865731463,22.4772457716923,6.733391783567122
11:51:37,18.1563126252505,22.473269058971077,6.738443553774204
11:51:37,18.096192384769537,22.469244043643336,6.743478623914484
11:51:37,18.03607214428858,22.465170859758867,6.748496993987965
11:51:37,17.975951903807616,22.461049640871888,6.753498663994645
11:51:38,17.915831663326653,22.456880520043352,6.7584836339345244
11:51:38,17.855711422845694,22.452663629843208,6.763451903807604
11:51:38,17.79559118236473,22.448399102352667,6.768403473613883
11:51:38,17.73547094188377,22.444087069166457,6.7733383433533625
11:51:38,17.675350701402806,22.439727661395047,6.778256513026042
11:51:38,17.615230460921843,22.435321009666893,6.78315798263192
11:51:38,17.55511022044088,22.430867244130635,6.788042752170998
11:51:38,17.494989979959918,22.426366494457305,6.792910821643276
11:51:38,17.43486973947896,22.421818889842513,6.797762191048753
11:51:38,17.374749498997996,22.417224559008627,6.802596860387431
11:51:38,17.314629258517037,22.41258363020693,6.807414829659307
11:51:38,17.254509018036075,22.407896231219794,6.8122160988643845
11:51:38,17.194388777555112,22.403162489362785,6.8170006680026605
11:51:38,17.13426853707415,22.398382531486835,6.821768537074138
11:51:38,17.074148296593187,22.393556483980312,6.826519706078813
11:51:38,17.014028056112224,22.388684472771182,6.8312541750166895
11:51:38,16.95390781563126,22.383766623329052,6.835971943887764
11:51:38,16.8937875751503,22.37880306066729,6.84067301269204
11:51:38,16.83366733466934,22.373793909345082,6.845357381429515
11:51:38,16.773547094188377,22.368739293469478,6.85002505010019
11:51:38,16.713426853707418,22.363639336697474,6.8546760187040645
11:51:38,16.653306613226455,22.358494162238024,6.859310287241138
11:51:38,16.593186372745492,22.353303892854086,6.863927855711412
11:51:38,16.53306613226453,22.34806865086462,6.868528724114885
11:51:38,16.472945891783567,22.34278855814661,6.873112892451559
11:51:38,16.412825651302605,22.337463736137035,6.877680360721431
11:51:38,16.352705410821642,22.3320943058349,6.882231128924505
11:51:38,16.292585170340683,22.326680387803137,6.886765197060777
11:51:38,16.23246492985972,22.32122210217064,6.891282565130249
11:51:38,16.172344689378757,22.315719568634176,6.895783233132921
11:51:38,16.1122244488978,22.310172906460327,6.900267201068793
11:51:38,16.052104208416836,22.304582234487434,6.904734468937864
11:51:38,15.991983967935873,22.298947671127515,6.909185036740135
11:51:38,15.93186372745491,22.29326933436817,6.913618904475607
11:51:38,15.871743486973948,22.287547341774477,6.918036072144278
11:51:38,15.811623246492987,22.281781810490898,6.922436539746148
11:51:38,15.751503006012024,22.275972857243147,6.9268203072812184
11:51:38,15.691382765531063,22.270120598340046,6.931187374749488
11:51:38,15.6312625250501,22.26422514967542,6.935537742150958
11:51:38,15.571142284569138,22.258286626729905,6.939871409485627
11:51:38,15.511022044088177,22.252305144572823,6.9441883767534955
11:51:38,15.450901803607215,22.246280817863994,6.948488643954565
11:51:38,15.390781563126254,22.240213760855553,6.952772211088833
11:51:38,15.330661322645291,22.234104087393767,6.957039078156301
11:51:38,15.270541082164328,22.22795191092084,6.961289245156968
11:51:38,15.210420841683367,22.221757344476696,6.965522712090837
11:51:38,15.150300601202405,22.21552050070076,6.969739478957904
11:51:38,15.090180360721444,22.209241491833733,6.973939545758172
11:51:38,15.030060120240481,22.202920429719363,6.978122912491638
11:51:38,14.96993987975952,22.196557425806187,6.982289579158305
11:51:38,14.909819639278558,22.190152591149268,6.986439545758171
11:51:38,14.849699398797595,22.18370603641196,6.990572812291238
11:51:38,14.789579158316634,22.177217871867594,6.994689378757504
11:51:38,14.729458917835672,22.17068820740123,6.99878924515697
11:51:38,14.66933867735471,22.16411715251134,7.002872411489635
11:51:38,14.609218436873748,22.157504816311516,7.006938877755499
11:51:38,14.549098196392785,22.15085130753217,7.010988643954565
11:51:38,14.488977955911825,22.144156734522188,7.015021710086828
11:51:38,14.428857715430862,22.137421205250625,7.019038076152293
11:51:38,14.368737474949901,22.130644827308366,7.023037742150956
11:51:38,14.308617234468938,22.12382770790977,7.02702070808282
11:51:38,14.248496993987976,22.116969953894312,7.030986973947884
11:51:38,14.188376753507015,22.11007167172825,7.034936539746147
11:51:39,14.128256513026052,22.103132967506205,7.03886940547761
11:51:39,14.068136272545091,22.096153946952832,7.042785571142272
11:51:39,14.008016032064129,22.08913471542439,7.046685036740135
11:51:39,13.947895791583168,22.082075377910378,7.050567802271197
11:51:39,13.887775551102205,22.074976039035104,7.054433867735459
11:51:39,13.827655310621243,22.067836803059283,7.058283233132921
11:51:39,13.76753507014028,22.06065777388161,7.062115898463582
11:51:39,13.70741482965932,22.053439055040343,7.065931863727443
11:51:39,13.647294589178358,22.04618074971485,7.069731128924505
11:51:39,13.587174348697395,22.038882960727165,7.073513694054765
11:51:39,13.527054108216433,22.03154579054354,7.0772795591182245
11:51:39,13.46693386773547,22.02416934127598,7.081028724114884
11:51:39,13.406813627254511,22.01675371468377,7.084761189044745
11:51:39,13.346693386773548,22.009299012174992,7.088476953907803
11:51:39,13.286573146292586,22.00180533480806,7.092176018704063
11:51:39,13.226452905811623,21.994272783293198,7.095858383433521
11:51:39,13.16633266533066,21.986701457993956,7.09952404809618
11:51:39,13.106212424849701,21.97909145892869,7.1031730126920385
11:51:39,13.046092184368739,21.971442885772056,7.106805277221096
11:51:39,12.985971943887776,21.963755837856485,7.1104208416833545
11:51:39,12.925851703406813,21.95603041417363,7.114019706078812
11:51:39,12.86573146292585,21.94826671337585,7.117601870407469
11:51:39,12.805611222444892,21.94046483377766,7.121167334669327
11:51:39,12.745490981963929,21.932624873357152,7.124716098864384
11:51:39,12.685370741482966,21.924746929757468,7.128248162992641
11:51:39,12.625250501002004,21.9168311002882,7.131763527054097
11:51:39,12.565130260521041,21.908877481926826,7.135262191048752
11:51:39,12.505010020040082,21.900886171320142,7.138744154976608
11:51:39,12.44488977955912,21.892857264785626,7.1422094188376635
11:51:39,12.384769539078157,21.88479085831289,7.145657982631919
11:51:39,12.324649298597194,21.87668704756503,7.149089846359373
11:51:39,12.264529058116231,21.868545927880067,7.152505010020028
11:51:39,12.204408817635272,21.86036759427225,7.155903473613882
11:51:39,12.14428857715431,21.85215214143351,7.159285237140936
11:51:39,12.084168336673347,21.843899663734764,7.1626503006011895
11:51:39,12.024048096192384,21.835610255227312,7.165998663994643
11:51:39,11.963927855711425,21.82728400964417,7.169330327321297
11:51:39,11.903807615230463,21.818921020401422,7.17264529058115
11:51:39,11.8436873747495,21.810521380599553,7.175943553774203
11:51:39,11.783567134268537,21.802085183024797,7.179225116900456
11:51:39,11.723446893787575,21.793612520150432,7.182489979959908
11:51:39,11.663326653306616,21.785103484138133,7.185738142952561
11:51:39,11.603206412825653,21.776558166839248,7.188969605878412
11:51:39,11.54308617234469,21.76797665979614,7.192184368737463
11:51:39,11.482965931863728,21.75935905424346,7.195382431529715
11:51:39,11.422845691382765,21.75070544110944,7.198563794255165
11:51:39,11.362725450901806,21.742015911017184,7.201728456913815
11:51:39,11.302605210420843,21.733290554285954,7.204876419505665
11:51:39,11.24248496993988,21.724529460932434,7.208007682030716
11:51:39,11.182364729458918,21.715732720671987,7.2111222444889655
11:51:39,11.122244488977955,21.706900422919936,7.214220106880415
11:51:39,11.062124248496996,21.6980326567928,7.217301269205064
11:51:39,11.002004008016034,21.68912951110955,7.2203657314629135
11:51:39,10.94188376753507,21.68019107439284,7.223413493653962
11:51:39,10.881763527054108,21.67121743487026,7.226444555778211
11:51:39,10.821643286573146,21.662208680475544,7.229458917835659
11:51:39,10.761523046092186,21.653164898849802,7.232456579826308
11:51:39,10.701402805611224,21.64408617734274,7.235437541750155
11:51:39,10.641282565130261,21.634972603013857,7.238401803607203
11:51:39,10.581162324649299,21.625824262633675,7.2413493653974506
11:51:39,10.521042084168336,21.6166412426849,7.244280227120897
11:51:39,10.460921843687377,21.607423629363637,7.247194388777543
11:51:39,10.400801603206414,21.598171508580595,7.250091850367389
11:51:39,10.340681362725451,21.588884965962222,7.252972611890436
11:51:40,10.280561122244489,21.57956408685191,7.255836673346681
11:51:40,10.220440881763526,21.570208956311163,7.2586840347361266
11:51:40,10.160320641282567,21.560819659120742,7.2615146960587715
11:51:40,10.100200400801604,21.551396279781848,7.264328657314617
11:51:40,10.040080160320642,21.541938902517252,7.267125918503662
11:51:40,9.97995991983968,21.53244761127245,7.269906479625906
11:51:40,9.919839679358716,21.522922489716798,7.27267034068135
11:51:40,9.859719438877757,21.513363621244654,7.2754175016699945
11:51:40,9.799599198396795,21.503771088976503,7.278147962591838
11:51:40,9.739478957915832,21.494144975760083,7.280861723446882
11:51:40,9.67935871743487,21.484485364171487,7.283558784235125
11:51:40,9.61923847695391,21.47479233651631,7.286239144956569
11:51:40,9.559118236472948,21.465065974830708,7.288902805611211
11:51:40,9.498997995991985,21.455306360882552,7.291549766199053
11:51:40,9.438877755511022,21.445513576172477,7.294180026720095
11:51:40,9.37875751503006,21.435687701935006,7.296793587174337
11:51:40,9.3186372745491,21.425828819139618,7.299390447561779
11:51:40,9.258517034068138,21.415937008491834,7.301970607882419
11:51:40,9.198396793587175,21.406012350434292,7.3045340681362605
11:51:40,9.138276553106213,21.396054925147805,7.307080828323301
11:51:40,9.07815631262525,21.38606481255246,7.309610888443542
11:51:40,9.018036072144291,21.376042092308616,7.312124248496982
11:51:40,8.957915831663328,21.365986843818032,7.314620908483622
11:51:40,8.897795591182366,21.355899146224846,7.317100868403461
11:51:40,8.837675350701403,21.345779078416676,7.319564128256501
11:51:40,8.77755511022044,21.33562671902562,7.32201068804274
11:51:40,8.717434869739481,21.325442146429307,7.32444054776218
11:51:40,8.657314629258519,21.315225438751916,7.326853707414818
11:51:40,8.597194388777556,21.30497667386522,7.329250167000657
11:51:40,8.537074148296593,21.294695929389572,7.331629926519695
11:51:40,8.47695390781563,21.284383282694947,7.333992985971932
11:51:40,8.416833667334672,21.274038810901942,7.33633934535737
11:51:40,8.356713426853709,21.263662590882774,7.338669004676007
11:51:40,8.296593186372746,21.253254699262282,7.3409819639278435
11:51:40,8.236472945891784,21.242815212418932,7.343278223112881
11:51:40,8.176352705410821,21.232344206485784,7.345557782231117
11:51:40,8.116232464929862,21.221841757351502,7.347820641282553
11:51:40,8.0561122244489,21.211307940661317,7.350066800267189
11:51:40,7.9959919839679365,21.200742831818005,7.3522962591850245
11:51:40,7.935871743486974,21.190146505982867,7.35450901803606
11:51:40,7.875751503006011,21.17951903807668,7.356705076820296
11:51:40,7.815631262525052,21.168860502780667,7.35888443553773
11:51:40,7.7555110220440895,21.15817097453746,7.361047094188365
11:51:40,7.695390781563127,21.14745052755204,7.3631930527722
11:51:40,7.635270541082164,21.136699235792683,7.365322311289233
11:51:40,7.5751503006012015,21.12591717299193,7.367434869739468
11:51:40,7.515030060120242,21.11510441264748,7.369530728122902
11:51:40,7.45490981963928,21.10426102802316,7.3716098864395345
11:51:40,7.394789579158317,21.09338709214985,7.373672344689368
11:51:40,7.3346693386773545,21.08248267782639,7.3757181028723995
11:51:40,7.274549098196395,21.07154785762053,7.3777471609886325
11:51:40,7.214428857715433,21.0605827038698,7.379759519038064
11:51:40,7.15430861723447,21.04958728868249,7.381755177020697
11:51:40,7.094188376753507,21.038561683938475,7.383734134936528
11:51:40,7.034068136272545,21.027505961290196,7.38569639278556
11:51:40,6.973947895791586,21.01642019216351,7.38764195056779
11:51:40,6.913827655310623,21.005304447758604,7.389570808283222
11:51:40,6.85370741482966,20.994158799050876,7.391482965931852
11:51:40,6.793587174348698,20.98298331679184,7.393378423513683
11:51:40,6.733466933867735,20.971778071509977,7.395257181028713
11:51:40,6.673346693386776,20.960543133511646,7.397119238476943
11:51:40,6.613226452905813,20.949278572881934,7.398964595858373
11:51:40,6.553106212424851,20.937984459485538,7.400793253173002
11:51:41,6.492985971943888,20.926660862967626,7.402605210420831
11:51:41,6.432865731462925,20.9153078527547,7.404400467601859
11:51:41,6.372745490981966,20.90392549805546,7.406179024716088
11:51:41,6.312625250501004,20.89251386786164,7.4079408817635155
11:51:41,6.252505010020041,20.881073030948876,7.409686038744144
11:51:41,6.192384769539078,20.86960305587754,7.411414495657971
11:51:41,6.132264529058116,20.858104010993586,7.413126252504998
11:51:41,6.072144288577157,20.846575964429384,7.414821309285226
11:51:41,6.012024048096194,20.83501898410457,7.416499665998653
11:51:41,5.951903807615231,20.823433137726838,7.418161322645279
11:51:41,5.891783567134269,20.811818492792817,7.419806279225106
11:51:41,5.831663326653306,20.800175116588846,7.421434535738132
11:51:41,5.771543086172347,20.788503076191823,7.423046092184358
11:51:41,5.711422845691384,20.776802438470003,7.424640948563783
11:51:41,5.651302605210422,20.765073270083818,7.426219104876409
11:51:41,5.591182364729459,20.753315637486683,7.427780561122234
11:51:41,5.531062124248496,20.74152960692578,7.429325317301258
11:51:41,5.470941883767537,20.7297152444429,7.430853373413482
11:51:41,5.410821643286575,20.717872615875187,7.432364729458906
11:51:41,5.350701402805612,20.706001786855975,7.433859385437531
11:51:41,5.290581162324649,20.69410282281553,7.435337341349354
11:51:41,5.230460921843687,20.68217578898189,7.436798597194377
11:51:41,5.1703406813627275,20.670220750381596,7.4382431529726
11:51:41,5.110220440881765,20.6582377718405,7.439671008684023
11:51:41,5.050100200400802,20.646226917984528,7.4410821643286456
11:51:41,4.98997995991984,20.634188253240442,7.442476619906468
11:51:41,4.9298597194388805,20.622121841836623,7.44385437541749
11:51:41,4.869739478957918,20.610027747803827,7.445215430861712
11:51:41,4.809619238476955,20.597906034975935,7.446559786239133
11:51:41,4.7494989979959925,20.585756766990727,7.447887441549755
11:51:41,4.68937875751503,20.573580007290627,7.449198396793576
11:51:41,4.629258517034071,20.561375819123437,7.450492651970597
11:51:41,4.569138276553108,20.549144265543106,7.451770207080817
11:51:41,4.5090180360721455,20.536885409410463,7.453031062124237
11:51:41,4.448897795591183,20.524599313393956,7.454275217100857
11:51:41,4.38877755511022,20.512286039970373,7.4555026720106765
11:51:41,4.328657314629261,20.499945651425605,7.456713426853695
11:51:41,4.268537074148298,20.487578209855347,7.457907481629914
11:51:41,4.208416833667336,20.47518377716584,7.459084836339334
11:51:41,4.148296593186373,20.462762415074575,7.4602454909819516
11:51:41,4.0881763527054105,20.450314185111033,7.46138944555777
11:51:41,4.028056112224451,20.437839148617392,7.462516700066788
11:51:41,3.9679358717434887,20.42533736674923,7.463627254509006
11:51:41,3.907815631262526,20.412808900476247,7.464721108884423
11:51:41,3.8476953907815634,20.400253810582967,7.465798263193041
11:51:41,3.7875751503006008,20.387672157669428,7.4668587174348575
11:51:41,3.7274549098196417,20.37506400215191,7.467902471609874
11:51:41,3.667334669338679,20.362429404263597,7.468929525718091
11:51:41,3.6072144288577164,20.3497684240553,7.469939879759508
11:51:41,3.5470941883767537,20.337081121396114,7.470933533734123
11:51:41,3.486973947895791,20.32436755597415,7.471910487641939
11:51:41,3.426853707414832,20.311627787297173,7.4728707414829545
11:51:41,3.3667334669338693,20.298861874693305,7.473814295257169
11:51:41,3.3066132264529067,20.286069877311707,7.474741148964584
11:51:41,3.246492985971944,20.273251854123234,7.475651302605198
11:51:41,3.1863727454909814,20.260407863921134,7.476544756179012
11:51:41,3.1262525050100223,20.247537965321683,7.477421509686026
11:51:41,3.0661322645290596,20.23464221676488,7.47828156312624
11:51:41,3.006012024048097,20.221720676515083,7.479124916499654
11:51:41,2.9458917835671343,20.208773402661702,7.479951569806267
11:51:41,2.8857715430861717,20.195800453119812,7.4807615230460796
11:51:41,2.8256513026052126,20.18280188563085,7.481554776219093
11:51:41,2.76553106212425,20.16977775776324,7.482331329325305
11:51:41,2.7054108216432873,20.15672812691303,7.483091182364718
11:51:42,2.6452905811623246,20.14365305030457,7.483834335337329
11:51:42,2.5851703406813655,20.130552584991133,7.484560788243141
11:51:42,2.525050100200403,20.117426787855546,7.485270541082152
11:51:42,2.4649298597194402,20.104275715610846,7.485963593854363
11:51:42,2.4048096192384776,20.091099424800905,7.486639946559774
11:51:42,2.344689378757515,20.07789797180105,7.487299599198384
11:51:42,2.284569138276556,20.06467141281871,7.487942551770195
11:51:42,2.224448897795593,20.05141980389402,7.4885688042752045
11:51:42,2.1643286573146305,20.03814320090046,7.489178356713414
11:51:42,2.104208416833668,20.024841659545462,7.489771209084823
11:51:42,2.0440881763527052,20.01151523537104,7.490347361389433
11:51:42,1.9839679358717461,19.998163983754377,7.490906813627242
11:51:42,1.9238476953907835,19.984787959908473,7.49144956579825
11:51:42,1.8637274549098208,19.97138721888273,7.491975617902459
11:51:42,1.8036072144288582,19.957961815563547,7.492484969939867
11:51:42,1.7434869739478955,19.944511804674956,7.492977621910475
11:51:42,1.6833667334669364,19.931037240779194,7.493453573814283
11:51:42,1.6232464929859738,19.91753817827731,7.49391282565129
11:51:42,1.5631262525050111,19.90401467140976,7.494355377421498
11:51:42,1.5030060120240485,19.890466774257,7.4947812291249045
11:51:42,1.4428857715430858,19.876894540740068,7.495190380761511
11:51:42,1.3827655310621267,19.86329802462119,7.495582832331317
11:51:42,1.322645290581164,19.849677279504338,7.495958583834323
11:51:42,1.2625250501002014,19.836032358835837,7.496317635270529
11:51:42,1.2024048096192388,19.82236331590492,7.4966599866399335
11:51:42,1.1422845691382761,19.80867020384433,7.496985637942539
11:51:42,1.082164328657317,19.79495307563087,7.497294589178344
11:51:42,1.0220440881763544,19.781211984085992,7.497586840347349
11:51:42,0.9619238476953917,19.767446981876358,7.497862391449553
11:51:42,0.9018036072144291,19.75365812151441,7.498121242484958
11:51:42,0.8416833667334664,19.739845455358928,7.498363393453561
11:51:42,0.7815631262525073,19.726009035615608,7.498588844355365
11:51:42,0.7214428857715447,19.71214891433759,7.498797595190368
11:51:42,0.661322645290582,19.698265143426056,7.498989645958572
11:51:42,0.6012024048096194,19.68435777463074,7.4991649966599745
11:51:42,0.5410821643286567,19.670426859550524,7.4993236472945775
11:51:42,0.48096192384769765,19.656472449633945,7.49946559786238
11:51:42,0.420841683366735,19.642494596179773,7.499590848363381
11:51:42,0.36072144288577235,19.628493350337557,7.499699398797583
11:51:42,0.3006012024048097,19.614468763108125,7.499791249164984
11:51:42,0.2404809619238506,19.60042088534419,7.499866399465585
11:51:42,0.18036072144288795,19.586349767750818,7.4999248496993856
11:51:42,0.1202404809619253,19.572255460886026,7.4999665998663865
11:51:42,0.06012024048096265,19.558138015161273,7.499991649966587
11:51:42,0.0,19.543997480841995,7.499999999999988
11:51:42,0.0,19.529855659220548,7.499999999999988
11:51:42,0.0,19.515734288534198,7.499999999999988
11:51:42,0.0,19.50163332445289,7.499999999999988
11:51:42,0.0,19.487552722774584,7.499999999999988
11:51:42,0.0,19.473492439424817,7.499999999999988
11:51:42,0.0,19.459452430456235,7.499999999999988
11:51:42,0.0,19.445432652048126,7.499999999999988
11:51:42,0.0,19.431433060505974,7.499999999999988
11:51:42,0.0,19.417453612261006,7.499999999999988
11:51:42,0.0,19.403494263869735,7.499999999999988
11:51:42,0.0,19.389554972013507,7.499999999999988
11:51:42,0.0,19.37563569349806,7.499999999999988
11:51:42,0.0,19.361736385253085,7.499999999999988
11:51:42,0.0,19.347857004331757,7.499999999999988
11:51:42,0.0,19.333997507910315,7.499999999999988
11:51:42,0.0,19.32015785328762,7.499999999999988
11:51:42,0.0,19.306337997884693,7.499999999999988
11:51:42,0.0,19.29253789924432,7.499999999999988
11:51:42,0.0,19.278757515030573,7.499999999999988
11:51:43,0.0,19.26499680302841,7.499999999999988
11:51:43,0.0,19.251255721143227,7.499999999999988
11:51:43,0.0,19.23753422740043,7.499999999999988
11:51:43,0.0,19.223832279945018,7.499999999999988
11:51:43,0.0,19.21014983704114,7.499999999999988
11:51:43,0.0,19.196486857071697,7.499999999999988
11:51:43,0.0,19.182843298537886,7.499999999999988
11:51:43,0.0,19.16921912005881,7.499999999999988
11:51:43,0.0,19.155614280371047,7.499999999999988
11:51:43,0.0,19.142028738328232,7.499999999999988
11:51:43,0.0,19.128462452900642,7.499999999999988
11:51:43,0.0,19.114915383174793,7.499999999999988
11:51:43,0.0,19.101387488353012,7.499999999999988
11:51:43,0.0,19.087878727753047,7.499999999999988
11:51:43,0.0,19.074389060807636,7.499999999999988
11:51:43,0.0,19.06091844706413,7.499999999999988
11:51:43,0.0,19.047466846184054,7.499999999999988
11:51:43,0.0,19.034034217942743,7.499999999999988
11:51:43,0.0,19.0206205222289,7.499999999999988
11:51:43,0.0,19.007225719044232,7.499999999999988
11:51:43,0.0,18.993849768503033,7.499999999999988
11:51:43,0.0,18.980492630831794,7.499999999999988
11:51:43,0.0,18.967154266368805,7.499999999999988
11:51:43,0.0,18.95383463556377,7.499999999999988
11:51:43,0.0,18.94053369897741,7.499999999999988
11:51:43,0.0,18.927251417281074,7.499999999999988
11:51:43,0.0,18.91398775125635,7.499999999999988
11:51:43,0.0,18.900742661794684,7.499999999999988
11:51:43,0.0,18.887516109897,7.499999999999988
11:51:43,0.0,18.874308056673293,7.499999999999988
11:51:43,0.0,18.861118463342287,7.499999999999988
11:51:43,0.0,18.847947291231012,7.499999999999988
11:51:43,0.0,18.834794501774468,7.499999999999988
11:51:43,0.0,18.82166005651521,7.499999999999988
11:51:43,0.0,18.808543917103005,7.499999999999988
11:51:43,0.0,18.795446045294437,7.499999999999988
11:51:43,0.0,18.782366402952547,7.499999999999988
11:51:43,0.0,18.76930495204646,7.499999999999988
11:51:43,0.0,18.756261654651016,7.499999999999988
11:51:43,0.0,18.7432364729464,7.499999999999988
11:51:43,0.0,18.730229369217774,7.499999999999988
11:51:43,0.0,18.717240305854933,7.499999999999988
11:51:43,0.0,18.704269245351917,7.499999999999988
11:51:43,0.0,18.69131615030666,7.499999999999988
11:51:43,0.0,18.678380983420634,7.499999999999988
11:51:43,0.0,18.66546370749849,7.499999999999988
11:51:43,0.0,18.652564285447696,7.499999999999988
11:51:43,0.0,18.639682680278188,7.499999999999988
11:51:43,0.0,18.626818855102012,7.499999999999988
11:51:43,0.0,18.61397277313298,7.499999999999988
11:51:43,0.0,18.601144397686298,7.499999999999988
11:51:43,0.0,18.58833369217825,7.499999999999988
11:51:43,0.0,18.57554062012582,7.499999999999988
11:51:43,0.0,18.56276514514637,7.499999999999988
11:51:43,0.0,18.550007230957263,7.499999999999988
11:51:43,0.0,18.537266841375562,7.499999999999988
11:51:43,0.0,18.524543940317653,7.499999999999988
11:51:43,0.0,18.511838491798915,7.499999999999988
11:51:43,0.0,18.499150459933393,7.499999999999988
11:51:43,0.0,18.48647980893344,7.499999999999988
11:51:43,0.0,18.47382650310939,7.499999999999988
11:51:43,0.0,18.461190506869233,7.499999999999988
11:51:43,0.0,18.448571784718265,7.499999999999988
11:51:43,0.0,18.435970301258756,7.499999999999988
11:51:44,0.0,18.42338602118964,7.499999999999988
11:51:44,0.0,18.410818909306155,7.499999999999988
11:51:44,0.0,18.398268930499537,7.499999999999988
11:51:44,0.0,18.38573604975669,7.499999999999988
11:51:44,0.0,18.373220232159852,7.499999999999988
11:51:44,0.0,18.360721442886273,7.499999999999988
11:51:44,0.0,18.3482396472079,7.499999999999988
11:51:44,0.0,18.33577481049105,7.499999999999988
11:51:44,0.0,18.32332689819608,7.499999999999988
11:51:44,0.0,18.310895875877083,7.499999999999988
11:51:44,0.0,18.298481709181576,7.499999999999988
11:51:44,0.0,18.28608436385015,7.499999999999988
11:51:44,0.0,18.2737038057162,7.499999999999988
11:51:44,0.0,18.261340000705566,7.499999999999988
11:51:44,0.0,18.248992914836258,7.499999999999988
11:51:44,0.0,18.236662514218125,7.499999999999988
11:51:44,0.0,18.22434876505255,7.499999999999988
11:51:44,0.0,18.212051633632136,7.499999999999988
11:51:44,0.0,18.19977108634041,7.499999999999988
11:51:44,0.0,18.1875070896515,7.499999999999988
11:51:44,0.0,18.17525961012985,7.499999999999988
11:51:44,0.0,18.163028614429898,7.499999999999988
11:51:44,0.0,18.15081406929578,7.499999999999988
11:51:44,0.0,18.13861594156104,7.499999999999988
11:51:44,0.0,18.126434198148306,7.499999999999988
11:51:44,0.0,18.114268806069013,7.499999999999988
11:51:44,0.0,18.10211973242309,7.499999999999988
11:51:44,0.0,18.089986944398678,7.499999999999988
11:51:44,0.0,18.07787040927182,7.499999999999988
11:51:44,0.0,18.065770094406176,7.499999999999988
11:51:44,0.0,18.05368596725273,7.499999999999988
11:51:44,0.0,18.041617995349483,7.499999999999988
11:51:44,0.0,18.029566146321194,7.499999999999988
11:51:44,0.0,18.01753038787906,7.499999999999988
11:51:44,0.0,18.005510687820433,7.499999999999988
11:51:44,0.0,17.993507014028552,7.499999999999988
11:51:44,0.0,17.98151933447224,7.499999999999988
11:51:44,0.0,17.969547617205613,7.499999999999988
11:51:44,0.0,17.957591830367818,7.499999999999988
11:51:44,0.0,17.94565194218273,7.499999999999988
11:51:44,0.0,17.93372792095869,7.499999999999988
11:51:44,0.0,17.921819735088203,7.499999999999988
11:51:44,0.0,17.909927353047664,7.499999999999988
11:51:44,0.0,17.898050743397103,7.499999999999988
11:51:44,0.0,17.886189874779877,7.499999999999988
11:51:44,0.0,17.874344715922405,7.499999999999988
11:51:44,0.0,17.862515235633907,7.499999999999988
11:51:44,0.0,17.850701402806106,7.499999999999988
11:51:44,0.0,17.838903186412978,7.499999999999988
11:51:44,0.0,17.827120555510458,7.499999999999988
11:51:44,0.0,17.815353479236194,7.499999999999988
11:51:44,0.0,17.803601926809257,7.499999999999988
11:51:44,0.0,17.791865867529886,7.499999999999988
11:51:44,0.0,17.780145270779204,7.499999999999988
11:51:44,0.0,17.768440106018982,7.499999999999988
11:51:44,0.0,17.75675034279134,7.499999999999988
11:51:44,0.0,17.745075950718498,7.499999999999988
11:51:44,0.0,17.73341689950252,7.499999999999988
11:51:44,0.0,17.72177315892504,7.499999999999988
11:51:44,0.0,17.710144698847007,7.499999999999988
11:51:44,0.0,17.698531489208417,7.499999999999988
11:51:44,0.0,17.686933500028072,7.499999999999988
11:51:44,0.0,17.6753507014033,7.499999999999988
11:51:45,0.0,17.66378306350971,7.499999999999988
11:51:45,0.0,17.65223055660094,7.499999999999988
11:51:45,0.0,17.640693151008392,7.499999999999988
11:51:45,0.0,17.629170817140977,7.499999999999988
11:51:45,0.0,17.617663525484883,7.499999999999988
11:51:45,0.0,17.606171246603285,7.499999999999988
11:51:45,0.0,17.59469395113614,7.499999999999988
11:51:45,0.0,17.583231609799896,7.499999999999988
11:51:45,0.0,17.571784193387266,7.499999999999988
11:51:45,0.0,17.560351672766974,7.499999999999988
11:51:45,0.0,17.54893401888351,7.499999999999988
11:51:45,0.0,17.53753120275688,7.499999999999988
11:51:45,0.0,17.526143195482362,7.499999999999988
11:51:45,0.0,17.514769968230265,7.499999999999988
11:51:45,0.0,17.503411492245682,7.499999999999988
11:51:45,0.0,17.492067738848245,7.499999999999988
11:51:45,0.0,17.48073867943189,7.499999999999988
11:51:45,0.0,17.469424285464623,7.499999999999988
11:51:45,0.0,17.458124528488256,7.499999999999988
11:51:45,0.0,17.446839380118192,7.499999999999988
11:51:45,0.0,17.43556881204318,7.499999999999988
11:51:45,0.0,17.424312796025074,7.499999999999988
11:51:45,0.0,17.413071303898608,7.499999999999988
11:51:45,0.0,17.401844307571142,7.499999999999988
11:51:45,0.0,17.39063177902245,7.499999999999988
11:51:45,0.0,17.37943369030447,7.499999999999988
11:51:45,0.0,17.368250013541083,7.499999999999988
11:51:45,0.0,17.357080720927872,7.499999999999988
11:51:45,0.0,17.345925784731904,7.499999999999988
11:51:45,0.0,17.334785177291486,7.499999999999988
11:51:45,0.0,17.323658871015947,7.499999999999988
11:51:45,0.0,17.312546838385405,7.499999999999988
11:51:45,0.0,17.30144905195054,7.499999999999988
11:51:45,0.0,17.29036548433238,7.499999999999988
11:51:45,0.0,17.279296108222052,7.499999999999988
11:51:45,0.0,17.26824089638058,7.499999999999988
11:51:45,0.0,17.257199821638647,7.499999999999988
11:51:45,0.0,17.246172856896386,7.499999999999988
11:51:45,0.0,17.235159975123146,7.499999999999988
11:51:45,0.0,17.224161149357272,7.499999999999988
11:51:45,0.0,17.213176352705897,7.499999999999988
11:51:45,0.0,17.20220555834471,7.499999999999988
11:51:45,0.0,17.191248739517736,7.499999999999988
11:51:45,0.0,17.18030586953714,7.499999999999988
11:51:45,0.0,17.16937692178298,7.499999999999988
11:51:45,0.0,17.158461869703018,7.499999999999988
11:51:45,0.0,17.147560686812483,7.499999999999988
11:51:45,0.0,17.136673346693872,7.499999999999988
11:51:45,0.0,17.125799822996733,7.499999999999988
11:51:45,0.0,17.114940089437443,7.499999999999988
11:51:45,0.0,17.10409411979902,7.499999999999988
11:51:45,0.0,17.093261887930872,7.499999999999988
11:51:45,0.0,17.08244336774864,7.499999999999988
11:51:45,0.0,17.071638533233934,7.499999999999988
